filename,bpm,key,camelot,energy
SERGIK - The Worst.wav,86.1,G minor,6A,6
SERGIK x Lugh Haurie - Zoned 120BPM DMaj.wav,117.5,G major,9B,7
SERGIK - Dmn8r's (FTP VIP).wav,86.1,E minor,9A,7
SERGIK - FTP.wav,89.1,E minor,9A,6
SERGIK - One Of Those Nights.wav,129.2,D minor,7A,6
SERGIK - Back to The Basics (Instrumental).wav,123.0,G major,9B,6
SERGIK - Cosmos.wav,123.0,D major,10B,6
SERGIK - Needs.wav,129.2,D major,10B,6
SERGIK - Rock Dem Feets.wav,129.2,A major,11B,6
SERGIK x Silent Jay - Late Morning1.wav,129.2,D major,10B,6
SERGIK - Jahdelicah 1.wav,129.2,D major,10B,6
SERGIK - The Sound.wav,129.2,D minor,7A,5
SERGIK x Sean Watson  - A Good Day (Instrumental).wav,92.3,D major,10B,6
SERGIK x LODIN - Bussin.wav,123.0,D major,10B,7
SERGIK - Celestial Groove.wav,123.0,D minor,7A,6
SERGIK - Fall Leafs.wav,136.0,A minor,8A,5
SERGIK - Everyday Gratitude (Freedom SRGFLiP).wav,86.1,D major,10B,8
SERGIK - Golden Hour - House.wav,86.1,A major,11B,6
SERGIK - On Slack.wav,86.1,D major,10B,9
SERGIK - Spring Swing.wav,86.1,A minor,8A,9
SERGIK - Back to The Basics.wav,123.0,G major,9B,6
SERGIK - Mind Rollercoaster.wav,86.1,D major,10B,6
SERGIK - On and On(Badu Remix).wav,123.0,D major,10B,6
SERGIK x Mateo Haze - Who's Boss_.wav,117.5,D major,10B,5
SERGIK - Man On A Journey.wav,136.0,A major,11B,5
SERGIK x Stan The Guitarman - Highway 1.wav,129.2,A major,11B,6
SERGIK - 6 Hours In v2.mp3,129.2,D major,10B,6
SERGIK - Oooh Ah Eee.wav,123.0,A minor,8A,6
SERGIK x Francisco Josue - Let Me.2.wav,86.1,A major,11B,6
SERGIK x OG Coco - Tell Em Heal.wav,92.3,D minor,7A,6
SERGIK - Happiness.wav,86.1,A minor,8A,7
SERGIK x LODIN - Mercy (Club Master).wav,123.0,A major,11B,6
SERGIK x Breauxxx - The Bag 130bpm (Techno SRGFLP)).wav,129.2,D major,10B,6
SERGIK x Sean Hart x Sean Watson - Escapade.wav,92.3,D major,10B,6
SERGIK - Astro Spore.wav,123.0,D major,10B,5
SERGIK - Something Sick.wav,117.5,D major,10B,6
SERGIK - Radiowave Contact.wav,89.1,D major,10B,6
SERGIK x JIMII - Do it Yourself.wav,86.1,D major,10B,6
SERGIK x Crosstick - Katana Ghost.wav,92.3,D major,10B,6
SERGIK - Cosmic Cadillac.wav,80.7,D major,10B,5
SERGIK  - It Is What It Is.wav,86.1,D major,10B,6
SERGIK - Dat Feelin.wav,86.1,D major,10B,6
SERGIK - Crawling Vines.wav,103.4,D major,10B,7
SERGIK - Musik Is The Answr.wav,86.1,D minor,7A,7
SERGIK x OffMedz_ - Around the World.wav,123.0,D major,10B,7
SERGIK - After Party.wav,129.2,A major,11B,5
SERGIK - All Days.wav,129.2,A minor,8A,6
SERGIK - GET ON MY VIBE.wav,86.1,A minor,8A,6
SERGIK - Take A Walk.wav,123.0,D major,10B,7
SERGIK - Happiness 2.wav,86.1,D major,10B,6
SERGIK x Silent Jay x Van - Viva Ponderosa.wav,129.2,G major,9B,5
SERGIK - Pop Musik.wav,86.1,A minor,8A,8
SERGIK - Hustle Funkshway V2.wav,117.5,A major,11B,7
SERGIK - Money Talk Bs Walk.wav,86.1,D major,10B,7
SERGIK - Bouncy Bop.wav,123.0,A major,11B,6
SERGIK - Game.wav,86.1,A major,11B,6
SERGIK - After After (All Around Flip).wav,129.2,D major,10B,6
SERGIK - Disco 82.wav,123.0,D major,10B,5
SERGIK - Feeling Lit.wav,123.0,A major,11B,7
SERGIK - Rise n Shine.wav,86.1,D minor,7A,5
SERGIK - We Do This.wav,129.2,D minor,7A,6
SERGIK x ESHER - Just Dont 124bpm.wav,86.1,D minor,7A,5
SERGIK - Gypsy - House 1.wav,152.0,D minor,7A,7
SERGIK - Life 1.wav,117.5,C# minor,12A,6
SERGIK - Juiced Up.wav,86.1,A major,11B,7
SERGIK x Dillon Nathaniel - Moon Glazin.wav,86.1,D minor,7A,7
SERGIK x Jetski - Code Name SERGSKI.wav,86.1,D major,10B,6
SERGIK  - Dreamer.wav,92.3,A minor,8A,5
Sergik - Freaky Up In Here.wav,86.1,A major,11B,6
SERGIK - In The Streets - (Funkshway SRGFLp) 1.wav,117.5,A major,11B,6
SERGIK -Crowd Control (Amerika SRGFLiP).wav,92.3,A minor,8A,8
SERGIK - Have To Do It.wav,86.1,D minor,7A,6
SERGIK - What Is What 3.wav,143.6,D minor,7A,7
SERGIK - How Ya.wav,129.2,A major,11B,6
Sergik x DJ Dalle - Its Your turn.wav,86.1,A minor,8A,6
SERGIK - Kouch Potato.wav,123.0,A major,11B,6
SERGIK x Javi - Smoke Break at Da Crib.wav,86.1,D major,10B,5
SERGIK - No Stopping.wav,86.1,D major,10B,8
SERGIK - 49ers - Move Your Feet (remix).wav,86.1,D major,10B,7
SERGIK - Somthn L's.wav,129.2,D major,10B,7
SERGIK x Francisco Josue - Let Me.wav,123.0,A major,11B,6
SERGIK x Steve - Yard man.wav,129.2,D minor,7A,6
SERGIK x L9V - 6 Hours In.2.wav,86.1,D major,10B,6
SERGIK x Silent Jay - Make Me Free.wav,129.2,D major,10B,7
SERGIK - Dont You.wav,129.2,D major,10B,7
SERGIK - Soul Mind n Body v2.wav,123.0,D minor,7A,6
SERGIK x Janis - Alchemy.wav,92.3,F minor,4A,6
SERGIK - Doin Ma Thang.wav,129.2,A major,11B,6
SERGIK x Aloe Flipz - Shafeus.wav,86.1,A# minor,3A,6
SERGIK x Ladell Ransom - Desiderata.wav,86.1,D major,10B,7
SERGIK - Dumb.wav,86.1,D major,10B,6
SERGIK x Optikz - Front to Da Back.wav,86.1,D major,10B,6
SERGIK - Never Hold Back (TechyesHausno mix).wav,129.2,D minor,7A,6
SERGIK - Be FreeNDaMind.wav,129.2,A major,11B,8
SERGIK - Golden Hour - Reggaeton.wav,86.1,A major,11B,6
SERGIK - Been Done.wav,123.0,A major,11B,6
SERGIK - Tell Me What It Do.wav,86.1,D major,10B,7
SERGIK x Deep Chetty - So Good v3.wav,86.1,D minor,7A,7
SERGIK - Gypsy - Trap 1.wav,152.0,D minor,7A,7
SERGIK x SLICK FLOYD - Feelin Good.wav,86.1,D minor,7A,7
SERGIK - Losing Control.wav,129.2,D major,10B,7
SERGIK - All My Ladies.wav,123.0,F major,7B,6
SERGIK x Jetskii - Levels To This.wav,86.1,A major,11B,6
SERGIK - The McCoy.wav,86.1,A major,11B,6
SERGIK - Movin.wav,86.1,D major,10B,6
SERGIK - Soular Exploration.wav,86.1,D major,10B,6
SERGIK - Everyday Gratitude 1.wav,86.1,D major,10B,7
SERGIK - Dont Stop V3.wav,129.2,A minor,8A,6
SERGIK - Spanktula.1.wav,86.1,D minor,7A,7
SERGIK x Bob Secret - The Bag.wav,86.1,D major,10B,6
SERGIK - CorK.wav,123.0,A major,11B,6
SERGIK x ESHER - Just Dont.wav,129.2,D minor,7A,5
SERGIK - Cruise Control.wav,86.1,A major,11B,6
SERGIK - Hold Me Down.wav,129.2,D major,10B,7
SERGIK x OG Coconut - Take Me Home.wav,92.3,D minor,7A,7
SERGIK x Tibbs - Prosper v2.wav,143.6,E minor,9A,5
SERGIK - Funky Technician 1.wav,129.2,D major,10B,7
SERGIK - Utopia.wav,89.1,A major,11B,5
SERGIK - Bubble Buddy.wav,86.1,D major,10B,6
SERGIK - Got Dat.wav,129.2,D major,10B,8
SERGIK - Bizzz (Instrumental).wav,89.1,A major,11B,6
SERGIK - Get Up.wav,123.0,D major,10B,8
SERGIK x Nood - Im Grown (Dub Edit).wav,143.6,D minor,7A,5
Sergik - Doses.2.wav,86.1,D minor,7A,7
SERGIK - Air It Out.wav,117.5,D major,10B,6
SERGIK - More Than Life.wav,86.1,A minor,8A,6
SERGIK x Dilon Karim Ft. BeJanis- Let it Take Ya.wav,123.0,D major,10B,6
SERGIK - Good.wav,86.1,F# minor,11A,8
SERGIK - Dont Stop v2.wav,129.2,A minor,8A,6
Sergik x Nobounds - Not My Fault.wav,86.1,A major,11B,6
SERGIK - Digitality.wav,86.1,A major,11B,7
SERGIK - Ascencion.wav,86.1,D minor,7A,6
SERGIK - Pre Party.wav,86.1,F major,7B,7
SERGIK x Tibbs - Prosper 1.wav,117.5,A major,11B,6
SERGIK - High Class.wav,92.3,A major,11B,7
SERGIK - Brooting.wav,92.3,D major,10B,6
SERGIK - I Forgot.wav,129.2,F# minor,11A,5
SERGIK x Zak Martin - Bang 2 Da Beat.wav,86.1,D major,10B,7
SERGIK - Bender 1.wav,86.1,D major,10B,7
SERGIK - Funkshway - Digi Analog.wav,117.5,A minor,8A,7
SERGIK - Cant Kill My Vibe.wav,129.2,D major,10B,6
SERGIK - What They Say.wav,129.2,A major,11B,6
SERGIK - Opinions.wav,86.1,D major,10B,6
SERGIK - Swonky.wav,129.2,A major,11B,7
SERGIK - Alright.wav,129.2,A major,11B,6
SERGIK - Birth of a planet.wav,117.5,D minor,7A,5
SERGIK - Whats the Reason (Bass VIP 2).wav,92.3,A major,11B,5
SERGIK - Rooftop Sunsets.wav,117.5,D major,10B,6
SERGIK - After After (All Around Flip) V2.wav,129.2,D major,10B,6
SERGIK - Rabbit hole.wav,86.1,A major,11B,6
SERGIK - HUSTLE.wav,86.1,A minor,8A,5
SERGIK - Everyday Gratitude.wav,86.1,D minor,7A,8
SERGIK ft Cy Heck - Give Back.wav,129.2,A major,11B,6
SERGIK - Fall Back.wav,86.1,A major,11B,6
SERGIK - What They Say_.wav,129.2,A major,11B,6
SERGIK - Divine Molecules.wav,123.0,A major,11B,8
SERGIK - Creekside.wav,86.1,D major,10B,6
SERGIK - Jahdelicah.wav,86.1,D minor,7A,6
SERGIK - Bombaclat.wav,129.2,D major,10B,5
SERGIK x ANDINO - How You Do It_.wav,86.1,D major,10B,6
SERGIK x Janis and The Planets - Searching.wav,92.3,F major,7B,5
SERGIK - Techno Vato.wav,136.0,A major,11B,5
SERGIK - They Know.wav,123.0,D major,10B,8
SERGIK - Way Back.wav,123.0,C major,8B,7
SERGIK x Nood - Im Grown.wav,143.6,D minor,7A,5
SERGIK - For The Love.wav,89.1,E minor,9A,6
SERGIK x BeJanis - Hydrate v2.wav,86.1,D major,10B,6
SERGIK - Peer Pressure.wav,86.1,D minor,7A,6
Sergik - I Could.wav,129.2,A minor,8A,6
SERGIK x L9V - DarkPark.wav,86.1,D minor,7A,6
SERGIK - All The Vibes.wav,86.1,D major,10B,7
SERGIK x Melfice - Buggn.wav,123.0,A major,11B,8
SERGIK - Mr. DJ.wav,129.2,A major,11B,7
SERGIK x Stoy - Intelligent Filteroid.wav,92.3,D minor,7A,5
SERGIK  - Make it Bounce.wav,129.2,D major,10B,6
SERGIK x NOOD - Ahhh V2.wav,129.2,D minor,7A,6
SERGIK - We Got It.wav,129.2,D major,10B,7
SERGIK - Gypsy - Trap.wav,152.0,D minor,7A,7
SERGIK - Give Me Peace.wav,112.3,D minor,7A,5
SERGIK - The Assignment 2.wav,123.0,G major,9B,6
SERGIK - The Assignment.wav,123.0,G major,9B,6
SERGIK - Feeling Lit 1.wav,123.0,A major,11B,6
SERGIK - Dont Stop.wav,129.2,A minor,8A,7
SERGIK - Check This Out.wav,86.1,D major,10B,7
SERGIK x Cut Rugs - Foolin.wav,136.0,A# minor,3A,6
SERGIK - Drunk n UFO'n.wav,123.0,D major,10B,7
SERGIK x CHKLZ - DTF.wav,129.2,D minor,7A,7
SERGIK - I Feel Good.wav,129.2,D major,10B,6
SERGIK x Steve - Yardman.wav,129.2,D minor,7A,6
SERGIK - One Time.wav,92.3,D major,10B,5
SERGIK - Last Night_.wav,129.2,D major,10B,8
SERGIK - Vibracion.wav,86.1,A major,11B,6
SERGIK x Skeezy- Brain Alter.wav,129.2,A major,11B,7
SERGIK - Free v2.wav,86.1,A major,11B,6
SERGIK - Floatin.wav,86.1,D major,10B,6
SERGIK - Like That.wav,86.1,A major,11B,7
SERGIK x L9V - City Circus.wav,86.1,A minor,8A,6
SERGIK - On the Go.wav,129.2,D major,10B,7
SERGIK x FM - Dog n Me.wav,86.1,G major,9B,6
SERGIK - Melt.wav,86.1,A major,11B,6
SERGIK - Why Not.wav,89.1,D major,10B,6
SERGIK - Voyager.wav,83.4,E major,12B,6
SERGIK - The Bomb Tech 130 bpm.wav,86.1,A major,11B,6
SERGIK - Life.wav,123.0,C# minor,12A,6
SERGIK x Isaiah - Wont Stop 2.wav,92.3,E minor,9A,6
SERGIK - Can't You See.wav,129.2,A major,11B,7
SERGIK - Elevator.wav,129.2,D major,10B,7
SERGIK - Bye Spring (hip Hop).wav,123.0,D minor,7A,6
SERGIK - Bender.wav,86.1,D major,10B,8
SERGIK - Dont Mind Me.wav,117.5,D minor,7A,7
SERGIK - Melt 2.wav,86.1,D major,10B,6
SERGIK x Sean Watson Ft. Janis - A Good Day v2.wav,92.3,D major,10B,6
SERGIK -Crowd Control (Amerika SRGFLiP) 1.wav,86.1,A minor,8A,7
SERGIK - Rules Dont Apply.wav,123.0,D major,10B,7
SERGIK ft. Residuo - Gottalotta.wav,123.0,D major,10B,7
SERGIK - Rather Dance.wav,129.2,D minor,7A,5
SERGIK x Silent Jay - Numba One.wav,86.1,A major,11B,6
Sergik x Slick Floyd x Connectjon - Shake.wav,86.1,F# minor,11A,6
SERGIK x BeJanis - Hydrate.wav,86.1,D major,10B,6
SERGIK x Mateo Haze - Who's Boss 2_.wav,117.5,D major,10B,5
SERGIK - I Got.wav,123.0,A minor,8A,7
SERGIK - Want What I Want.wav,86.1,D major,10B,7
SERGIK - Free v3.wav,86.1,A major,11B,6
SERGIK x Silent Jay - Late Morning.wav,129.2,D major,10B,6
SERGIK - Gone Floating.wav,117.5,D major,10B,6
SERGIK - Wiggly.wav,123.0,A major,11B,7
SERGIK - Going Gone.wav,86.1,A major,11B,6
SERGIK - Everyday (Dub Reggae SRGFLiP).wav,147.7,A major,11B,6
SERGIK X Karlido x Joc - Love in Ibiza.wav,86.1,D major,10B,6
SERGIK - Drifter.wav,143.6,D major,10B,8
SERGIK x Frank Terry - Cozy Cats.wav,86.1,G major,9B,7
SERGIK - Morpheus.wav,123.0,A major,11B,5
SERGIK - Can You Dance.wav,123.0,A minor,8A,8
SERGIK - Daze.wav,78.3,A minor,8A,6
SERGIK x Slick Floyd - Just Groove.wav,86.1,D major,10B,6
SERGIK - No Fvcks Left.wav,123.0,D major,10B,7
SERGIK - Last Night.wav,123.0,A major,11B,5
SERGIK - Deeper.wav,78.3,D minor,7A,6
SERGIK - Groove Junkie.wav,86.1,G major,9B,6
Sergik ft. RubyRainbow - T!me.wav,86.1,D major,10B,7
Sergik - Warehouse District.1.wav,129.2,C# minor,12A,6
SERGIK x Stan The Guitarman - Interstate 1.wav,86.1,E minor,9A,6
SERGIK x Hausofdevotion - Love Again.wav,117.5,B minor,10A,5
SERGIK - Melt 1.wav,129.2,A major,11B,6
Sergik - Do You.wav,86.1,E major,12B,6
SERGIK - Tippn Screw.wav,89.1,D minor,7A,5
SERGIK - One Time v2.wav,92.3,D major,10B,6
SERGIK x Breauxxx x Janis - The Bag  (SERGIK DiscoTecha VIP 2).wav,129.2,A major,11B,6
SERGIK - The Bomb.wav,86.1,A major,11B,6
SERGIK x Janis & the Planets - Levitating.wav,86.1,A minor,8A,6
SERGIK x Lugh Haurie - Zoned.wav,129.2,G major,9B,7
SERGIK x Sean Hart x Sean Watson x Janis - Snap Back1.wav,143.6,D major,10B,6
SERGIK x BeJanis - Feel The Rhythm.wav,129.2,A minor,8A,5
SERGIK - Farewell.wav,86.1,A minor,8A,6
SERGIK x Bones - Momentum.wav,86.1,F major,7B,7
SERGIK x Tibbs - Prosper.wav,117.5,A major,11B,6
SERGIK - Freaks n Beats.wav,86.1,D major,10B,6
SERGIK - Oye Mami.wav,86.1,D major,10B,6
SERGIK X WWW - Muzik.wav,147.7,D major,10B,7
SERGIK - 6 Hours In.wav,86.1,D major,10B,6
SERGIK - Tell Her.wav,117.5,A minor,8A,7
SERGIK - Its a Feeling.wav,123.0,D minor,7A,6
SERGIK x MEUGEN - Lucid.wav,147.7,A major,11B,5
SERGIK - Party People.wav,129.2,A minor,8A,6
SERGIK - Get it Poppn.wav,129.2,D major,10B,7
Sergik x Grund - Oh My.wav,86.1,A minor,8A,6
Sergik x Silent Jay - We All Turnt.wav,86.1,D major,10B,7
SERGIK - Take.wav,86.1,D major,10B,7
SERGIK - Uninvited v2.wav,86.1,D major,10B,6
SERGIK - Not the Type.wav,123.0,A minor,8A,7
SERGIK x Breauxx - You Can't.wav,86.1,D major,10B,5
SERGIK - Electrify 2.wav,86.1,D minor,7A,6
SERGIK x OffMedz_ - Around the World 1.wav,86.1,D major,10B,7
SERGIK - Give It Up.wav,123.0,D major,10B,7
SERGIK x OG Coconut - Do It.wav,129.2,A minor,8A,6
SERGIK - Dandy (BeJanis - Suade Remix) - CMaj - 99bpm.wav,92.3,D major,10B,6
SERGIK - Abduction.wav,86.1,A major,11B,6
SERGIK x WWW - Heartbeat.wav,92.3,A minor,8A,5
SERGIK - Bless the Trap 2.wav,86.1,A major,11B,6
SERGIK - Havn Fun.wav,129.2,D major,10B,6
SERGIK - Funkdamentals.wav,86.1,D major,10B,6
SERGIK x Mateo Haze - Boss.wav,117.5,D major,10B,5
SERGIK x Zonii - LAZER BEAMS.wav,123.0,A minor,8A,6
SERGIK - Swonky 1.wav,129.2,A major,11B,6
SERGIK - Soul Candy.wav,117.5,A major,11B,6
Sergik - Doses.wav,86.1,D minor,7A,7
SERGIK - Preach to the Choir ft. Sewer.wav,86.1,C minor,5A,6
SERGIK - Hustle Funkshway.wav,117.5,A major,11B,6
SERGIK - Fxck it.wav,86.1,D major,10B,6
SERGIK x WWW - Late Nighters.wav,86.1,A minor,8A,6
SERGIK - GET ON MY VIBE.2.wav,86.1,D minor,7A,6
SERGIK x WWW - Daft Punk - Harder Better Faster Stronger Flip.wav,123.0,F# minor,11A,5
SERGIK - Can You Dance v2.wav,86.1,D minor,7A,7
SERGIK - Rhythm.wav,86.1,A major,11B,6
SERGIK - Like The Ol Days (Bass VIP).wav,123.0,A major,11B,6
SERGIK - Inspire.wav,92.3,D major,10B,6
SERGIK - Nothing to it.wav,123.0,D major,10B,6
SERGIK  - Betta.wav,123.0,G major,9B,7
SERGIK - Creature Hrs.wav,86.1,A major,11B,6
SERGIK - In The Streets.wav,86.1,B minor,10A,6
SERGIK x Silent Jay - Like That.wav,86.1,A major,11B,7
SERGIK - tell her v2.wav,117.5,A minor,8A,7
SERGIK x Konbot x Lavender - Moon Freakin.wav,123.0,D major,10B,6
SERGIK - Head Up.wav,86.1,D major,10B,7
SERGIK x Breauxxx - Pumpin.wav,129.2,D major,10B,7
SERGIK - Back Around.wav,86.1,D major,10B,7
SERGIK - Give Back Ft. Cy Heck.wav,86.1,A major,11B,6
SERGIK - Dubonaut.wav,129.2,A major,11B,5
SERGIK x Breauxx x WWW - Uninvited v2.wav,86.1,D major,10B,8
SERGIK - Come On Strong - 124 BPM Dmin.wav,86.1,D major,10B,7
SERGIK x Nood - Im Grown (Instrumental).wav,143.6,A major,11B,5
SERGIK - Moon Settler.wav,117.5,A minor,8A,7
SERGIK - Whats the Plan Ft. WWW.wav,86.1,A major,11B,6
SERGIK - Funkshway - ANALOG RECORDING.wav,117.5,D major,10B,6
SERGIK - Self Love.wav,86.1,D major,10B,7
SERGIK - Conducter.wav,129.2,D minor,7A,5
SERGIK Ft. Janis & The Planets - Like A Daisy.wav,86.1,A minor,8A,6
SERGIK - In The Streets - (Funkshway SRGFLp) V2.wav,117.5,A major,11B,6
SERGIK - Nimbus Ride.wav,117.5,D minor,7A,5
Sergik x DJ Epidemik x 1200Runway - No Time.wav,86.1,F# minor,11A,6
SERGIK x Auxlee - Quirk.wav,147.7,D major,10B,5
SERGIK - Chasing the sun to Tokyo (Mastered).wav,89.1,E minor,9A,6
SERGIK x Cafe Caderas - House Girls.wav,129.2,A major,11B,6
SERGIK - Drop Dat B.wav,129.2,D major,10B,5
SERGIK - In The Moment.wav,86.1,D minor,7A,7
SERGIK - Up All Night.wav,86.1,C major,8B,6
SERGIK - I Like the way.wav,123.0,A major,11B,6
SERGIK - Golden Hour - Trap.wav,86.1,A major,11B,6
SERGIK - Guttah.wav,129.2,A major,11B,8
Sergik x Hausofdevotion - Delirium.wav,86.1,A minor,8A,5
SERGIK x Janis - Like a Daisy (VIP Alchemy).wav,76.0,F major,7B,6
SERGIK - All My Ladies ft. Nessa.wav,123.0,F major,7B,6
SERGIK x Breauxxx - All Around.wav,86.1,D major,10B,6
SERGIK - Lose Yourself.wav,123.0,D major,10B,6
SERGIK - Aha.wav,86.1,A minor,8A,6
SERGIK x Aloe Flipz x Nood - Bxtch I Grow (Shafeus Edit).wav,86.1,A# minor,3A,6
SERGIK - Jumpin v2.wav,129.2,A major,11B,5
SERGIK x Silent Jay - Soul On Fire.wav,86.1,D major,10B,7
SERGIK - Do My Thang.wav,86.1,A major,11B,8
SERGIK x NOOD - If You Want To v2.wav,86.1,F major,7B,6
SERGIK x Forgotten Modern - Give it To Em.wav,123.0,A minor,8A,8
SERGIK - Electrify.wav,86.1,D major,10B,5
SERGIK X JIMII - JUST IN CASE.wav,129.2,D major,10B,6
SERGIK x Sean Hart x Sean Watson V2x Janis - Snap Back Sweet.wav,92.3,A major,11B,6
Sergik - Tell Me.wav,123.0,D minor,7A,6
SERGIK x Breauxxx x NOOD - Comprehension.wav,129.2,D major,10B,6
SERGIK x Aloe Flipz - Broken Problems v2.wav,123.0,D major,10B,6
SERGIK x Slick - Gangsta.wav,86.1,D major,10B,5
SERGIK - Elevator Musik.wav,129.2,D major,10B,7
SERGIK - Never Hold Back.wav,86.1,D minor,7A,6
SERGIK - Funkshway analog.wav,117.5,D major,10B,7
Sergik - 90s Baby.wav,86.1,D major,10B,6
SERGIK - Going Fast3.wav,86.1,D major,10B,6
SERGIK - Hotstepper Remix.wav,99.4,D minor,7A,5
SERGIK - Mind n Body.wav,86.1,D major,10B,6
SERGIK x NOBOUNDS - Alleyways.wav,123.0,A minor,8A,6
SERGIK x Aloe Flipz - Betta Daze 88bpm.wav,89.1,D minor,7A,6
SERGIK - Going Fast.wav,86.1,D major,10B,7
SERGIK - Hi n Lo.wav,86.1,D# major,5B,6
SERGIK - Going Fast2.wav,86.1,D major,10B,7
SERGIK x CHKLZ - To Da Flow.wav,129.2,A major,11B,7
SERGIK ft. Residuo - Gottalotta.1.wav,123.0,D major,10B,7
Sergik x Skeezy - Gangsta.wav,129.2,D major,10B,6
SERGIK - Space Travel.wav,86.1,A major,11B,6
SERGIK - Astro Daze.wav,76.0,A minor,8A,9
SERGIK x OG Coconut - What you want.wav,86.1,D major,10B,7
SERGIKx Offmedz_ - Trippy Liquid.wav,86.1,D major,10B,6
SERGIK - Tequila Power.wav,86.1,F major,7B,6
SERGIK x Slick Floyd x Lev Ayathiens - Running V2.wav,117.5,F major,7B,6
Sergik x Slick - Da Pyramids.wav,86.1,D minor,7A,6
SERGIK - Boomers.wav,123.0,F# minor,11A,5
SERGIK - Have To Dance.wav,123.0,A major,11B,6
SERGIK x AUXLEE - The Conex.wav,103.4,A minor,8A,8
SERGIK - Motions.wav,129.2,D minor,7A,5
SERGIK - Duces (Disco Infero Remix).wav,112.3,D major,10B,6
SERGIK - How I Feel.wav,117.5,A minor,8A,6
SERGIK - When we go.wav,86.1,D major,10B,7
SERGIK - Wonked.wav,92.3,A minor,8A,6
SERGIK - Whats Her Name ft. Mateo Haze.wav,117.5,A major,11B,6
SERGIK x LODIN - Bussin v2.wav,123.0,A major,11B,7
SERGIK - Leveled.wav,92.3,A major,11B,5
SERGIK - Seretonin.wav,86.1,B minor,10A,6
SERGIK - City Control.wav,123.0,A major,11B,7
SERGIK - Rhythm v3.wav,86.1,A minor,8A,6
SERGIK - Something.wav,86.1,D major,10B,7
SERGIK - Vibrationz.wav,123.0,D major,10B,6
SERGIK - Giddup.wav,123.0,D major,10B,7
SERGIK - Like The Ol Days.wav,123.0,E minor,9A,6
SERGIK x OG Coconut x Kuhl - Mavericks V2.wav,143.6,D major,10B,6
SERGIK x Deep Chetty- So Good.wav,86.1,D minor,7A,7
SERGIK - Tell me wat it do.wav,129.2,D major,10B,7
SERGIK Ft. Lugh Haurie - Zoned 127 BPM D Min.wav,129.2,C major,8B,7
Sergik x JIMIII x Mateo Haze - Tap In.wav,147.7,D major,10B,7
SERGIK x Zack Thrasher - Betta.wav,123.0,G major,9B,8
SERGIK x Zonii - kcuf.wav,123.0,A major,11B,6
SERGIK - Wut We Bring.wav,86.1,D minor,7A,6
SERGIK - Funky Technician.wav,86.1,D major,10B,6
SERGIK x Breauxx x WWW - Uninvited.wav,86.1,D major,10B,9
SERGIK x Zak Martin - Throw it Back.wav,129.2,D major,10B,6
SERGIK - Rhythm v2.wav,86.1,A major,11B,6
SERGIK x Breauxxx - The Bag 135bpm (Techyea SRGFLIP).wav,129.2,D major,10B,6
SERGIK x Frank Terry_Repeat_MSTR 1 [Worth the Weight Mastering].wav,86.1,D major,10B,6
SERGIK x Kody Black x Lugh Haurie - All My Friends.wav,129.2,D major,10B,7
Sergik - Hard to Love.wav,117.5,A minor,8A,6
SERGIK - How We Do.wav,129.2,D major,10B,5
SERGIK - Everyday.wav,95.7,A minor,8A,5
SERGIK x Auxlee - Weepin Willows.wav,136.0,A major,11B,6
SERGIK - The Beat.wav,117.5,A minor,8A,7
SERGIK x Mike Ron - MNWKA.wav,92.3,A major,11B,5
SERGIK x Bob Secret - Kiss Me.wav,123.0,D minor,7A,7
SERGIK - Bass Bunker.wav,89.1,D minor,7A,6
SERGIK - Rushy Funkshway.wav,117.5,A major,11B,6
SERGIK - Straight to the Room.wav,86.1,A major,11B,6
SERGIK x CHKLZ - Ain_t Goin Out.wav,129.2,A major,11B,5
SERGIK - Rhythm VIP Techno.wav,129.2,A minor,8A,6
SERGIK x Janis & The Planets - To The Moon.wav,117.5,A minor,8A,6
SERGIK ft. Javi - LOKO.wav,129.2,A major,11B,6
SERGIK - This is the sound.wav,86.1,A major,11B,7
SERGIK - Piece Of Your Luv 2.wav,123.0,D minor,7A,8
Sergik - Kittymean.wav,129.2,E minor,9A,6
SERGIK x OG Coconut - Big Macs n Jumbo Jacks.wav,129.2,E minor,9A,5
SERGIK - To Dat Bass.wav,129.2,D major,10B,6
SERGIK x OG Coconut x Kuhl - Mavericks.aif,143.6,A major,11B,6
SERGIK - Discodellic.wav,86.1,D minor,7A,6
SERGIK - My Type.wav,86.1,D minor,7A,7
SERGIK x Aloe Flipz - Broken Problems.wav,123.0,D major,10B,7
Sergik x Silent Jay - tear the roof off.wav,86.1,D major,10B,7
SERGIK - Cherry Bombs singled.wav,86.1,D minor,7A,5
SERGIK Rework - Say Yeah v4.wav,129.2,A major,11B,6
SERGIK x NOOD - juice.wav,129.2,D major,10B,5
Sergik - Warehouse District.wav,86.1,C# minor,12A,6
Sergik - Recuperate.wav,83.4,A minor,8A,5
SERGIK - Like That 1.wav,86.1,A major,11B,7
SERGIK - Bender VIP.wav,86.1,D minor,7A,5
sergik x frank terry_cozy cats_master 1 (worth the weight).wav,86.1,G major,9B,6
SERGIK - Forza.wav,86.1,D major,10B,8
SERGIK x Slick Floyd x Lev Ayathiens - Running.wav,117.5,F major,7B,6
SERGIK - Can We Rock.wav,117.5,A major,11B,5
Sergik x Slick Floyd - If you want to.wav,86.1,A major,11B,7
SERGIK - Ooh I Like That.wav,123.0,D major,10B,6
SERGIK x CHKLZ - On Da Flow.wav,86.1,D major,10B,7
SERGIK - Deep Side The Mood.wav,136.0,D major,10B,5
SERGIK x Janis & The Planets - Searching (Instrumental).wav,92.3,F major,7B,5
SERGIK - Para Papa.wav,123.0,A major,11B,8
SERGIK - Drunk.wav,129.2,A major,11B,6
SERGIK - Rushy Funkshway 1.wav,117.5,A major,11B,7
SERGIK x Breauxxx - The Bag 135bpm (Tech-yes VIP).wav,129.2,D major,10B,6
SERGIK  - Make it Bounce Pre-Master.wav,129.2,D major,10B,6
SERGIK - Roundabout No Exit.wav,86.1,D major,10B,6
SERGIK - Free.wav,129.2,A major,11B,6
SERGIK x Guage x Fairydvst - Feelin.wav,129.2,D major,10B,6
SERGIK x BatteryLo - Thiiisss.wav,92.3,A minor,8A,7
SERGIK x Slick Floyd x Lev Ayathiens - Running (No Vocals).wav,117.5,F minor,4A,6
SERGIK - Cant Fight It.wav,123.0,D major,10B,7
SERGIK - Book of Memories.wav,92.3,G major,9B,6
SERGIK x Stov - Everyday (DnB ViP).wav,76.0,A major,11B,6
SERGIK - WooksWonkWubz.wav,143.6,A major,11B,6
SERGIK x Braydo - Bicycle Day.wav,86.1,D major,10B,7
SERGIK - Containment Breach.wav,129.2,A major,11B,5
Sergik x L9V - Hourglass.wav,86.1,D minor,7A,8
SERGIK - Early Morning.wav,123.0,G# major,4B,8
SERGIK x NOOD - If You Want To.wav,86.1,C major,8B,6
SERGIK x JIMII - Do it Yourself v2.wav,86.1,D major,10B,6
SERGIK - Whats the Reason.wav,123.0,D major,10B,10
SERGIK - No Drama.wav,123.0,A minor,8A,5
SERGIK x ESHER - Nitrous.wav,136.0,C major,8B,5
SERGIK Ft. Janis & The Planets - Suade.wav,92.3,D minor,7A,6
SERGIK x Zak Martin - Wat U Want.wav,86.1,A minor,8A,6
Sergik - baked turkey.wav,117.5,C minor,5A,5
SERGIK x Jetski - Alienated.wav,129.2,D minor,7A,7
SERGIK x Slick Floyd - LDE.wav,86.1,D major,10B,7
SERGIK - To Dat Bass 2.wav,86.1,D major,10B,6
SERGIK - Turn in to.wav,123.0,A major,11B,6
SERGIK - Whats the Reason (Bass VIP).wav,92.3,A minor,8A,6
SERGIK - Rover Coasting.wav,86.1,D major,10B,5
SERGIK x Slick Floyd - Pharoe.wav,86.1,A major,11B,5
SERGIK x Isaiah - Wont Stop.wav,136.0,E minor,9A,6
SERGIK X OG Coconuttz - Drunk n High.wav,143.6,A major,11B,6
SERGIK - Going Gone 122bpm.wav,86.1,A major,11B,6
SERGIK - Frequency.wav,129.2,D minor,7A,7
SERGIK - Double D's.wav,86.1,D major,10B,6
SERGIK - In The Streets 2.wav,86.1,D major,10B,6
SERGIK - Like The Ol Days 1.wav,129.2,A major,11B,6
SERGIK - Everlast.wav,86.1,D minor,7A,6
SERGIK - Quarter Keys ft Andino.wav,86.1,D major,10B,6
SERGIK - Duce.wav,112.3,D major,10B,6
SERGIK - Atlantis.wav,86.1,B minor,10A,5
SERGIK - Cruise Control 1.wav,129.2,D minor,7A,5
SERGIK - Up n Down.wav,129.2,F# minor,11A,7
SERGIK x Optikz - Foe Fos.wav,92.3,A major,11B,7
SERGIK x L9V x Silent Jay - We Should Save.wav,123.0,D minor,7A,5
SERGIK x Silent Jay - Move n Groove.wav,86.1,A minor,8A,6
SERGIK - Better With You.wav,123.0,D minor,7A,6
SERGIK x Breauxxx - The Bag  (DiscoTech SRGFLIP).wav,129.2,A major,11B,6
SERGIK x Javi - Smoke Break at Da Crib VIP.2.wav,86.1,D major,10B,5
SERGIK - Daze V2.wav,152.0,E minor,9A,6
SERGIK x Emperor Obscure - Baggin On Me.wav,123.0,D major,10B,6
SERGIK - Let the music.wav,117.5,C major,8B,5
SERGIK - Spanktula.wav,86.1,D minor,7A,8
SERGIK - Hello Hello.wav,86.1,A major,11B,6
SERGIK - Space Dust.wav,86.1,A minor,8A,6
SERGIK x NOOD -  Refreshments.wav,86.1,D major,10B,5
SERGIK - Dandy - Cmaj - 105bpm.wav,147.7,D major,10B,6
SERGIK - What Is What Xtendo.wav,89.1,D minor,7A,8
SERGIK Rework - Say Yeah v3.wav,129.2,A major,11B,6
Sergik - Bloops n Kats.wav,123.0,D major,10B,7
SERGIK - Sunrise Bass.wav,92.3,D minor,7A,6
SERGIK - Fk Wat They Say.wav,123.0,F# minor,11A,7
SERGIK - Bender 1 1.wav,86.1,D major,10B,7
SERGIK - Wonked (135 BPM Drum Rework).wav,89.1,A major,11B,6
SERGIK x Skeezy - Keep Myself.wav,86.1,A major,11B,7
SERGIK - Jumpin.wav,129.2,A major,11B,5
SERGIK - Perspectives.wav,123.0,A major,11B,9
SERGIK x Isaiah Walker - Be Yourself.wav,123.0,A major,11B,5
SERGIK x CEEMOAR x GOJI - SlimThick.wav,129.2,D major,10B,6
SERGIK x Bobs Secret - From The Soul.wav,86.1,A major,11B,6
SERGIK x Forgotten Modern - Flip Da Switch.wav,129.2,D major,10B,7
SERGIK - 24_7 VIP 2.wav,86.1,A major,11B,6
SERGIK - Illusions.wav,86.1,D major,10B,6
SERGIK - The Seed.wav,80.7,D major,10B,5
SERGIK - BS Aside.wav,123.0,A major,11B,7
SERGIK X OLEA - Bad Water.wav,86.1,A major,11B,8
SERGIK - Gypsy - House.wav,152.0,D minor,7A,7
SERGIK - Subliminal acid.wav,123.0,A major,11B,6
Sergik - Its On till Dawn.wav,86.1,A major,11B,6
SERGIK - Bad Decisions.wav,123.0,A minor,8A,8
SERGIK x Javi - Smoke Break at Da Crib VIP1.wav,86.1,D major,10B,6
SERGIK - Temptations.wav,123.0,D major,10B,6
SERGIK - Reverie.wav,123.0,D minor,7A,6
SERGIK x SRIJA - Disco Power.wav,129.2,D major,10B,6
SERGIK x Sean Watson x NOOD - Aqua.wav,86.1,A major,11B,5
Sergik - Shifting.wav,86.1,B minor,10A,6
SERGIK - Giddup - 125BPM CMaj.wav,123.0,D major,10B,7
SERGIK - Spring Swing 1.wav,86.1,A minor,8A,7
Sergik ft. 1200runway x DJ Epidemik - Its My Birthday_.wav,123.0,C major,8B,5
SERGIK - Tricks.wav,89.1,D major,10B,7
Sergik - Desert Dweller.wav,117.5,B minor,10A,6
SERGIK x Breauxxxx x Janis - The Bag (OG MiX).wav,129.2,A major,11B,6
SERGIK x Forgotten Modern - Flip Da Switch v2.wav,129.2,D major,10B,7
SERGIK - On and On.wav,129.2,D major,10B,5
SERGIK - Wandering.wav,117.5,G# minor,1A,5
Sergik x Mateo Haze - Changing Lanes.wav,86.1,A minor,8A,6
SERGIK x SLICK FLOYD - Feelin Good V2.wav,86.1,D minor,7A,8
SERGIK - Came to get Lit.wav,86.1,D major,10B,6
SERGIK - 24_7 VIP 1.wav,123.0,E minor,9A,6
SERGIK - Lunar Gravity.wav,86.1,D major,10B,5
SERGIK x Frank Terry - Repeat.wav,86.1,D major,10B,7
SERGIK - What You Gon Do.wav,86.1,A minor,8A,8
Sergik - Music is my drug.wav,86.1,A major,11B,6
SERGIK x Curiousoul - Midnight Mirage.wav,86.1,D minor,7A,6
SERGIK - Tuck n Roll.wav,129.2,A minor,8A,6
SERGIK - What u gotta do.wav,129.2,A major,11B,7
SERGIK x Breauxx - You Can't 1.wav,86.1,D major,10B,6
SERGIK - Back to The Basics (Instrumental).wav,123.0,G major,9B,6
SERGIK - Cosmos.wav,123.0,D major,10B,6
SERGIK - Needs.wav,129.2,D major,10B,6
SERGIK - Rock Dem Feets.wav,129.2,A major,11B,6
SERGIK x Silent Jay - Late Morning1.wav,129.2,D major,10B,6
SERGIK - Jahdelicah 1.wav,129.2,D major,10B,6
SERGIK - The Sound.wav,129.2,D minor,7A,5
SERGIK x Sean Watson  - A Good Day (Instrumental).wav,92.3,D major,10B,6
SERGIK x LODIN - Bussin.wav,123.0,D major,10B,7
SERGIK - Get It ViP2.wav,129.2,A major,11B,7
SERGIK - Fall Leafs.wav,136.0,A minor,8A,5
SERGIK - Everyday Gratitude (Freedom SRGFLiP).wav,86.1,D major,10B,8
SERGIK - Golden Hour - House.wav,86.1,A major,11B,6
SERGIK - On Slack.wav,86.1,D major,10B,9
SERGIK - Spring Swing.wav,86.1,A minor,8A,9
SERGIK x Sean Hart Ft. Chris Powell - American LOVE.wav,117.5,A major,11B,6
SERGIK - Back to The Basics.wav,123.0,G major,9B,6
SERGIK - Mind Rollercoaster.wav,86.1,D major,10B,6
SERGIK - On and On(Badu Remix).wav,123.0,D major,10B,6
SERGIK x Mateo Haze - Who's Boss_.wav,117.5,D major,10B,5
SERGIK - Man On A Journey.wav,136.0,A major,11B,5
SERGIK x Stan The Guitarman - Highway 1.wav,129.2,A major,11B,6
SERGIK x Dilon Karim Ft. BeJanis- Let it Take Ya 1.wav,123.0,E minor,9A,6
SERGIK - 6 Hours In v2.mp3,129.2,D major,10B,6
SERGIK - Oooh Ah Eee.wav,123.0,A minor,8A,6
SERGIK x Francisco Josue - Let Me.2.wav,86.1,A major,11B,6
SERGIK x OG Coco - Tell Em Heal.wav,92.3,D minor,7A,6
SERGIK - Happiness.wav,86.1,A minor,8A,7
SERGIK x LODIN - Mercy (Club Master).wav,123.0,A major,11B,6
SERGIK x Breauxxx - The Bag 130bpm (Techno SRGFLP)).wav,129.2,D major,10B,6
SERGIK x Sean Hart x Sean Watson - Escapade.wav,92.3,D major,10B,6
SERGIK - Astro Spore.wav,123.0,D major,10B,5
SERGIK - Something Sick.wav,117.5,D major,10B,6
SERGIK - Radiowave Contact.wav,89.1,D major,10B,6
SERGIK x JIMII - Do it Yourself.wav,86.1,D major,10B,6
SERGIK x Crosstick - Katana Ghost.wav,92.3,D major,10B,6
SERGIK x BeJanis - In The Forest.wav,129.2,F# minor,11A,6
SERGIK - Cosmic Cadillac.wav,80.7,D major,10B,5
SERGIK  - It Is What It Is.wav,86.1,D major,10B,6
SERGIK - Dat Feelin.wav,86.1,D major,10B,6
SERGIK - Crawling Vines.wav,103.4,D major,10B,7
SERGIK - Musik Is The Answr.wav,86.1,D minor,7A,7
SERGIK x OffMedz_ - Around the World.wav,123.0,D major,10B,7
SERGIK - After Party.wav,129.2,A major,11B,5
SERGIK - All Days.wav,129.2,A minor,8A,6
SERGIK - GET ON MY VIBE.wav,86.1,A minor,8A,6
SERGIK x Sean Hart - Madness In The Summer 111bpm.wav,92.3,A major,11B,6
SERGIK x Slick Floyd x Batt Lo ft. Chris Powell- State Of Mind.wav,86.1,A minor,8A,7
SERGIK - Take A Walk.wav,123.0,D major,10B,7
SERGIK - Happiness 2.wav,86.1,D major,10B,6
SERGIK x Silent Jay x Van - Viva Ponderosa.wav,129.2,G major,9B,5
SERGIK - Pop Musik.wav,86.1,A minor,8A,8
SERGIK - Hustle Funkshway V2.wav,117.5,A major,11B,7
SERGIK - Money Talk Bs Walk.wav,86.1,D major,10B,7
SERGIK - Bouncy Bop.wav,123.0,A major,11B,6
SERGIK x Dilon Karim Ft. BeJanis- Let it Take Ya (Instrumental).mp3,92.3,,,1
SERGIK - Game.wav,86.1,A major,11B,6
SERGIK - After After (All Around Flip).wav,129.2,D major,10B,6
SERGIK - Disco 82.wav,123.0,D major,10B,5
SERGIK - Feeling Lit.wav,123.0,A major,11B,7
SERGIK - Rise n Shine.wav,86.1,D minor,7A,5
SERGIK - We Do This.wav,129.2,D minor,7A,6
SERGIK x ESHER - Just Dont 124bpm.wav,86.1,D minor,7A,5
SERGIK - Gypsy - House 1.wav,152.0,D minor,7A,7
SERGIK x Sean H x Be.Janis - Steppin.wav,117.5,A major,11B,6
SERGIK - Life 1.wav,117.5,C# minor,12A,6
SERGIK - Juiced Up.wav,86.1,A major,11B,7
SERGIK - Upside Down.wav,86.1,D minor,7A,6
SERGIK x Dillon Nathaniel - Moon Glazin.wav,86.1,D minor,7A,7
SERGIK x Jetski - Code Name SERGSKI.wav,86.1,D major,10B,6
SERGIK  - Dreamer.wav,92.3,A minor,8A,5
Sergik - Freaky Up In Here.wav,86.1,A major,11B,6
SERGIK - In The Streets - (Funkshway SRGFLp) 1.wav,117.5,A major,11B,6
SERGIK -Crowd Control (Amerika SRGFLiP).wav,92.3,A minor,8A,8
SERGIK x Sean Hart - American LOVE (Rebass).wav,117.5,D major,10B,6
SERGIK - Have To Do It.wav,86.1,D minor,7A,6
SERGIK - What Is What 3.wav,143.6,D minor,7A,7
SERGIK - How Ya.wav,129.2,A major,11B,6
Sergik x DJ Dalle - Its Your turn.wav,86.1,A minor,8A,6
SERGIK x Breauxx - Walk Dat Walk2.wav,86.1,A minor,8A,6
SERGIK - Kouch Potato.wav,123.0,A major,11B,6
SERGIK x Javi - Smoke Break at Da Crib.wav,86.1,D major,10B,5
SERGIK - No Stopping.wav,86.1,D major,10B,8
SERGIK - 49ers - Move Your Feet (remix).wav,86.1,D major,10B,7
SERGIK - Somthn L's.wav,129.2,D major,10B,7
SERGIK x Francisco Josue - Let Me.wav,123.0,A major,11B,6
SERGIK x Steve - Yard man.wav,129.2,D minor,7A,6
SERGIK x L9V - 6 Hours In.2.wav,86.1,D major,10B,6
SERGIK x Silent Jay - Make Me Free.wav,129.2,D major,10B,7
SERGIK - Dont You.wav,129.2,D major,10B,7
SERGIK - Soul Mind n Body v2.wav,123.0,D minor,7A,6
SERGIK x Janis - Alchemy.wav,92.3,F minor,4A,6
SERGIK - Doin Ma Thang.wav,129.2,A major,11B,6
SERGIK x Aloe Flipz - Shafeus.wav,86.1,A# minor,3A,6
SERGIK x Ladell Ransom - Desiderata.wav,86.1,D major,10B,7
SERGIK - Salute.wav,86.1,A major,11B,5
SERGIK - Dumb.wav,86.1,D major,10B,6
SERGIK x Optikz - Front to Da Back.wav,86.1,D major,10B,6
SERGIK - Never Hold Back (TechyesHausno mix).wav,129.2,D minor,7A,6
SERGIK - Be FreeNDaMind.wav,129.2,A major,11B,8
SERGIK - Golden Hour - Reggaeton.wav,86.1,A major,11B,6
SERGIK - Been Done.wav,123.0,A major,11B,6
SERGIK - Tell Me What It Do.wav,86.1,D major,10B,7
SERGIK x Deep Chetty - So Good v3.wav,86.1,D minor,7A,7
SERGIK - Gypsy - Trap 1.wav,152.0,D minor,7A,7
SERGIK x SLICK FLOYD - Feelin Good.wav,86.1,D minor,7A,7
SERGIK - Losing Control.wav,129.2,D major,10B,7
SERGIK - Divine.wav,123.0,D minor,7A,5
SERGIK - All My Ladies.wav,123.0,F major,7B,6
SERGIK x Jetskii - Levels To This.wav,86.1,A major,11B,6
SERGIK - The McCoy.wav,86.1,A major,11B,6
SERGIK - Movin.wav,86.1,D major,10B,6
SERGIK - Soular Exploration.wav,86.1,D major,10B,6
SERGIK - Everyday Gratitude 1.wav,86.1,D major,10B,7
SERGIK - Dont Stop V3.wav,129.2,A minor,8A,6
SERGIK x Be.Janice- Nectar.wav,86.1,D major,10B,6
SERGIK - Spanktula.1.wav,86.1,D minor,7A,7
SERGIK x Be.Janis - Fly Away.wav,123.0,D minor,7A,5
SERGIK x Bob Secret - The Bag.wav,86.1,D major,10B,6
SERGIK - CorK.wav,123.0,A major,11B,6
SERGIK x ESHER - Just Dont.wav,129.2,D minor,7A,5
SERGIK - Traction.mp3,92.3,D major,10B,5
SERGIK - Cruise Control.wav,86.1,A major,11B,6
SERGIK - Hold Me Down.wav,129.2,D major,10B,7
SERGIK x OG Coconut - Take Me Home.wav,92.3,D minor,7A,7
SERGIK x Tibbs - Prosper v2.wav,143.6,E minor,9A,5
SERGIK - Funky Technician 1.wav,129.2,D major,10B,7
SERGIK - Utopia.wav,89.1,A major,11B,5
SERGIK - Bubble Buddy.wav,86.1,D major,10B,6
SERGIK - Got Dat.wav,129.2,D major,10B,8
SERGIK - Bizzz (Instrumental).wav,89.1,A major,11B,6
SERGIK - Get Up.wav,123.0,D major,10B,8
SERGIK x Nood - Im Grown (Dub Edit).wav,143.6,D minor,7A,5
Sergik - Doses.2.wav,86.1,D minor,7A,7
SERGIK - Air It Out.wav,117.5,D major,10B,6
SERGIK - They Got Me.wav,86.1,D minor,7A,6
SERGIK x Kavon - Spawn.wav,92.3,A major,11B,5
SERGIK - More Than Life.wav,86.1,A minor,8A,6
SERGIK x Dilon Karim Ft. BeJanis- Let it Take Ya.wav,123.0,D major,10B,6
SERGIK - Good.wav,86.1,F# minor,11A,8
SERGIK - Dont Stop v2.wav,129.2,A minor,8A,6
Sergik x Nobounds - Not My Fault.wav,86.1,A major,11B,6
SERGIK - Digitality.wav,86.1,A major,11B,7
SERGIK - Ascencion.wav,86.1,D minor,7A,6
SERGIK - Pre Party.wav,86.1,F major,7B,7
SERGIK x Tibbs - Prosper 1.wav,117.5,A major,11B,6
SERGIK - High Class.wav,92.3,A major,11B,7
SERGIK - Brooting.wav,92.3,D major,10B,6
SERGIK - I Forgot.wav,129.2,F# minor,11A,5
SERGIK x Zak Martin - Bang 2 Da Beat.wav,86.1,D major,10B,7
SERGIK - Leisure (Fmin 121bpm).wav,123.0,A major,11B,6
SERGIK - Bender 1.wav,86.1,D major,10B,7
SERGIK x Sean Hart Ft. Chris Powell v3 - American LOVE.wav,123.0,D major,10B,6
SERGIK - Funkshway - Digi Analog.wav,117.5,A minor,8A,7
SERGIK - Cant Kill My Vibe.wav,129.2,D major,10B,6
SERGIK - What They Say.wav,129.2,A major,11B,6
SERGIK - Opinions.wav,86.1,D major,10B,6
SERGIK - Swonky.wav,129.2,A major,11B,7
SERGIK - Alright.wav,129.2,A major,11B,6
SERGIK - Birth of a planet.wav,117.5,D minor,7A,5
SERGIK - Whats the Reason (Bass VIP 2).wav,92.3,A major,11B,5
SERGIK - Rooftop Sunsets.wav,117.5,D major,10B,6
SERGIK - After After (All Around Flip) V2.wav,129.2,D major,10B,6
SERGIK - Rabbit hole.wav,86.1,A major,11B,6
SERGIK - They Grooved.wav,129.2,A major,11B,5
SERGIK - HUSTLE.wav,86.1,A minor,8A,5
SERGIK - Everyday Gratitude.wav,86.1,D minor,7A,8
SERGIK x Sean H x BeJanis - I Feel It.wav,117.5,D major,10B,6
SERGIK ft Cy Heck - Give Back.wav,129.2,A major,11B,6
SERGIK - Fall Back.wav,86.1,A major,11B,6
SERGIK - What They Say_.wav,129.2,A major,11B,6
SERGIK - Divine Molecules.wav,123.0,A major,11B,8
SERGIK - Creekside.wav,86.1,D major,10B,6
SERGIK - Traction 1.wav,136.0,D minor,7A,5
SERGIK - Jahdelicah.wav,86.1,D minor,7A,6
SERGIK - Bombaclat.wav,129.2,D major,10B,5
SERGIK x ANDINO - How You Do It_.wav,86.1,D major,10B,6
SERGIK x Janis and The Planets - Searching.wav,92.3,F major,7B,5
SERGIK x Sean Hart Ft. Chris Powell - American LOVE (Rebass) 1.wav,123.0,D major,10B,6
SERGIK - Techno Vato.wav,136.0,A major,11B,5
SERGIK - They Know.wav,123.0,D major,10B,8
SERGIK - Way Back.wav,123.0,C major,8B,7
SERGIK x Nood - Im Grown.wav,143.6,D minor,7A,5
SERGIK - For The Love.wav,89.1,E minor,9A,6
SERGIK x BeJanis - Hydrate v2.wav,86.1,D major,10B,6
SERGIK - Peer Pressure.wav,86.1,D minor,7A,6
Sergik - I Could.wav,129.2,A minor,8A,6
SERGIK x L9V - DarkPark.wav,86.1,D minor,7A,6
SERGIK - All The Vibes.wav,86.1,D major,10B,7
SERGIK x Melfice - Buggn.wav,123.0,A major,11B,8
SERGIK - Sometimes (Nature instrumental) 1.wav,129.2,F# minor,11A,5
SERGIK - Mr. DJ.wav,129.2,A major,11B,7
SERGIK x Stoy - Intelligent Filteroid.wav,92.3,D minor,7A,5
SERGIK  - Make it Bounce.wav,129.2,D major,10B,6
SERGIK x NOOD - Ahhh V2.wav,129.2,D minor,7A,6
SERGIK - We Got It.wav,129.2,D major,10B,7
SERGIK - Gypsy - Trap.wav,152.0,D minor,7A,7
SERGIK x Sean Hart Ft. Chris Powell - American LOVE (Rebass) V2.wav,117.5,D major,10B,6
SERGIK - Give Me Peace.wav,112.3,D minor,7A,5
SERGIK - The Assignment 2.wav,123.0,G major,9B,6
SERGIK - The Assignment.wav,123.0,G major,9B,6
SERGIK - Feeling Lit 1.wav,123.0,A major,11B,6
SERGIK - Dont Stop.wav,129.2,A minor,8A,7
SERGIK - Check This Out.wav,86.1,D major,10B,7
SERGIK x Cut Rugs - Foolin.wav,136.0,A# minor,3A,6
SERGIK - Sometimes (instrumental).wav,80.7,G# minor,1A,5
SERGIK x Sean Watson x BeJanis - Make A Wish.wav,112.3,C major,8B,6
SERGIK - Drunk n UFO'n.wav,123.0,D major,10B,7
SERGIK x CHKLZ - DTF.wav,129.2,D minor,7A,7
SERGIK - I Feel Good.wav,129.2,D major,10B,6
SERGIK x Steve - Yardman.wav,129.2,D minor,7A,6
SERGIK - One Time.wav,92.3,D major,10B,5
SERGIK - Last Night_.wav,129.2,D major,10B,8
SERGIK - Vibracion.wav,86.1,A major,11B,6
SERGIK x Skeezy- Brain Alter.wav,129.2,A major,11B,7
SERGIK - Free v2.wav,86.1,A major,11B,6
SERGIK - Floatin.wav,86.1,D major,10B,6
SERGIK - Like That.wav,86.1,A major,11B,7
SERGIK x L9V - City Circus.wav,86.1,A minor,8A,6
SERGIK - On the Go.wav,129.2,D major,10B,7
SERGIK x FM - Dog n Me.wav,86.1,G major,9B,6
SERGIK - Melt.wav,86.1,A major,11B,6
SERGIK - Why Not.wav,89.1,D major,10B,6
SERGIK - Yee Bwoyyy.wav,86.1,D major,10B,6
SERGIK - Voyager.wav,83.4,E major,12B,6
SERGIK - The Bomb Tech 130 bpm.wav,86.1,A major,11B,6
SERGIK - Life.wav,123.0,C# minor,12A,6
SERGIK x Sean H x Sean W - Back at it.wav,129.2,A major,11B,6
SERGIK x Isaiah - Wont Stop 2.wav,92.3,E minor,9A,6
SERGIK - Can't You See.wav,129.2,A major,11B,7
SERGIK - Elevator.wav,129.2,D major,10B,7
SERGIK - Bye Spring (hip Hop).wav,123.0,D minor,7A,6
SERGIK - Bender.wav,86.1,D major,10B,8
SERGIK - Dont Mind Me.wav,117.5,D minor,7A,7
SERGIK - Melt 2.wav,86.1,D major,10B,6
SERGIK x Sean Watson Ft. Janis - A Good Day v2.wav,92.3,D major,10B,6
SERGIK -Crowd Control (Amerika SRGFLiP) 1.wav,86.1,A minor,8A,7
SERGIK - Rules Dont Apply.wav,123.0,D major,10B,7
SERGIK ft. Residuo - Gottalotta.wav,123.0,D major,10B,7
SERGIK - Rather Dance.wav,129.2,D minor,7A,5
SERGIK x Silent Jay - Numba One.wav,86.1,A major,11B,6
Sergik x Slick Floyd x Connectjon - Shake.wav,86.1,F# minor,11A,6
SERGIK x BeJanis - Hydrate.wav,86.1,D major,10B,6
SERGIK x Mateo Haze - Who's Boss 2_.wav,117.5,D major,10B,5
SERGIK - I Got.wav,123.0,A minor,8A,7
SERGIK - Want What I Want.wav,86.1,D major,10B,7
SERGIK - Free v3.wav,86.1,A major,11B,6
SERGIK x Sean Hart Ft. Chris Powell v4- American LOVE.wav,123.0,D major,10B,6
SERGIK x Sean Hart - Dandelicious v2.wav,92.3,C major,8B,7
SERGIK x Silent Jay - Late Morning.wav,129.2,D major,10B,6
SERGIK - Gone Floating.wav,117.5,D major,10B,6
SERGIK - Wiggly.wav,123.0,A major,11B,7
SERGIK - Going Gone.wav,86.1,A major,11B,6
SERGIK - Everyday (Dub Reggae SRGFLiP).wav,147.7,A major,11B,6
SERGIK X Karlido x Joc - Love in Ibiza.wav,86.1,D major,10B,6
SERGIK - Drifter.wav,143.6,D major,10B,8
SERGIK x Frank Terry - Cozy Cats.wav,86.1,G major,9B,7
SERGIK - Morpheus.wav,123.0,A major,11B,5
SERGIK - Can You Dance.wav,123.0,A minor,8A,8
SERGIK - Daze.wav,78.3,A minor,8A,6
SERGIK x Slick Floyd - Just Groove.wav,86.1,D major,10B,6
SERGIK - No Fvcks Left.wav,123.0,D major,10B,7
SERGIK - Last Night.wav,123.0,A major,11B,5
SERGIK - Deeper.wav,78.3,D minor,7A,6
SERGIK - Groove Junkie.wav,86.1,G major,9B,6
Sergik ft. RubyRainbow - T!me.wav,86.1,D major,10B,7
SERGIK x Chris Powell - So Wrong.wav,117.5,A minor,8A,7
Sergik - Warehouse District.1.wav,129.2,C# minor,12A,6
SERGIK x Stan The Guitarman - Interstate 1.wav,86.1,E minor,9A,6
SERGIK x Hausofdevotion - Love Again.wav,117.5,B minor,10A,5
SERGIK - Melt 1.wav,129.2,A major,11B,6
Sergik - Do You.wav,86.1,E major,12B,6
SERGIK - Tippn Screw.wav,89.1,D minor,7A,5
SERGIK x Slick Floyd - Listen Up.wav,86.1,A minor,8A,7
SERGIK - One Time v2.wav,92.3,D major,10B,6
SERGIK x Breauxxx x Janis - The Bag  (SERGIK DiscoTecha VIP 2).wav,129.2,A major,11B,6
SERGIK - The Bomb.wav,86.1,A major,11B,6
SERGIK x Janis & the Planets - Levitating.wav,86.1,A minor,8A,6
SERGIK x Lugh Haurie - Zoned.wav,129.2,G major,9B,7
SERGIK x Sean Hart x Sean Watson x Janis - Snap Back1.wav,143.6,D major,10B,6
SERGIK x BeJanis - Feel The Rhythm.wav,129.2,A minor,8A,5
SERGIK x Janis x Sean W x Safecrackaz - Take Me To.wav,112.3,D major,10B,4
SERGIK - Farewell.wav,86.1,A minor,8A,6
SERGIK x Bones - Momentum.wav,86.1,F major,7B,7
SERGIK x Tibbs - Prosper.wav,117.5,A major,11B,6
SERGIK - Freaks n Beats.wav,86.1,D major,10B,6
SERGIK - Oye Mami.wav,86.1,D major,10B,6
SERGIK X WWW - Muzik.wav,147.7,D major,10B,7
SERGIK - 6 Hours In.wav,86.1,D major,10B,6
SERGIK - Tell Her.wav,117.5,A minor,8A,7
SERGIK x Breauxx - Move Me _ Dance With Me2.wav,129.2,A major,11B,6
SERGIK - Its a Feeling.wav,123.0,D minor,7A,6
SERGIK x MEUGEN - Lucid.wav,147.7,A major,11B,5
SERGIK - Party People.wav,129.2,A minor,8A,6
SERGIK - Get it Poppn.wav,129.2,D major,10B,7
Sergik x Grund - Oh My.wav,86.1,A minor,8A,6
Sergik x Silent Jay - We All Turnt.wav,86.1,D major,10B,7
SERGIK - Take.wav,86.1,D major,10B,7
SERGIK - Uninvited v2.wav,86.1,D major,10B,6
SERGIK x Andino - Alboroto.wav,86.1,D minor,7A,6
SERGIK - Not the Type.wav,123.0,A minor,8A,7
SERGIK x Breauxx - You Can't.wav,86.1,D major,10B,5
SERGIK x OffMedz_ - Around the World 1.wav,86.1,D major,10B,7
SERGIK - Give It Up.wav,123.0,D major,10B,7
SERGIK x OG Coconut - Do It.wav,129.2,A minor,8A,6
SERGIK - Dandy (BeJanis - Suade Remix) - CMaj - 99bpm.wav,92.3,D major,10B,6
SERGIK - Abduction.wav,86.1,A major,11B,6
SERGIK x WWW - Heartbeat.wav,92.3,A minor,8A,5
SERGIK - Bless the Trap 2.wav,86.1,A major,11B,6
sergik funk gtrs.mp3,152.0,A minor,8A,4
sergik funk gtr2.mp3,152.0,D major,10B,5
SERGIK - Havn Fun.wav,129.2,D major,10B,6
SERGIK - Funkdamentals.wav,86.1,D major,10B,6
SERGIK x Mateo Haze - Boss.wav,117.5,D major,10B,5
SERGIK x Zonii - LAZER BEAMS.wav,123.0,A minor,8A,6
SERGIK - Swonky 1.wav,129.2,A major,11B,6
SERGIK - Soul Candy.wav,117.5,A major,11B,6
Sergik - Doses.wav,86.1,D minor,7A,7
SERGIK - Preach to the Choir ft. Sewer.wav,86.1,C minor,5A,6
SERGIK - Hustle Funkshway.wav,117.5,A major,11B,6
SERGIK - Fxck it.wav,86.1,D major,10B,6
SERGIK x WWW - Late Nighters.wav,86.1,A minor,8A,6
SERGIK - GET ON MY VIBE.2.wav,86.1,D minor,7A,6
SERGIK x WWW - Daft Punk - Harder Better Faster Stronger Flip.wav,123.0,F# minor,11A,5
SERGIK - Can You Dance v2.wav,86.1,D minor,7A,7
SERGIK - Rhythm.wav,86.1,A major,11B,6
SERGIK - Witchoo.wav,117.5,F# minor,11A,6
SERGIK - Like The Ol Days (Bass VIP).wav,123.0,A major,11B,6
SERGIK - Inspire.wav,92.3,D major,10B,6
SERGIK - Nothing to it.wav,123.0,D major,10B,6
SERGIK  - Betta.wav,123.0,G major,9B,7
SERGIK - Creature Hrs.wav,86.1,A major,11B,6
SERGIK - In The Streets.wav,86.1,B minor,10A,6
SERGIK x Silent Jay - Like That.wav,86.1,A major,11B,7
SERGIK - tell her v2.wav,117.5,A minor,8A,7
SERGIK x Chris Powell - Wut We Hear To Do.wav,147.7,D major,10B,6
SERGIK x Konbot x Lavender - Moon Freakin.wav,123.0,D major,10B,6
SERGIK - Head Up.wav,86.1,D major,10B,7
SERGIK x Breauxxx - Pumpin.wav,129.2,D major,10B,7
SERGIK - Back Around.wav,86.1,D major,10B,7
SERGIK - Give Back Ft. Cy Heck.wav,86.1,A major,11B,6
SERGIK - Dubonaut.wav,129.2,A major,11B,5
SERGIK x Breauxx x WWW - Uninvited v2.wav,86.1,D major,10B,8
SERGIK - Come On Strong - 124 BPM Dmin.wav,86.1,D major,10B,7
SERGIK x Sean Hart - Madness In The Summer.wav,117.5,A major,11B,6
SERGIK x Nood - Im Grown (Instrumental).wav,143.6,A major,11B,5
SERGIK x Dilon Karim Ft. BeJanis- Let it Take Ya (Instrumental).wav,92.3,,,1
SERGIK - Moon Settler.wav,117.5,A minor,8A,7
SERGIK - Whats the Plan Ft. WWW.wav,86.1,A major,11B,6
SERGIK x Bob Marley and The Wailers - Get up Stand up.wav,152.0,D major,10B,6
SERGIK - Funkshway - ANALOG RECORDING.wav,117.5,D major,10B,6
SERGIK - Self Love.wav,86.1,D major,10B,7
SERGIK - Conducter.wav,129.2,D minor,7A,5
SERGIK Ft. Janis & The Planets - Like A Daisy.wav,86.1,A minor,8A,6
SERGIK - In The Streets - (Funkshway SRGFLp) V2.wav,117.5,A major,11B,6
SERGIK - Nimbus Ride.wav,117.5,D minor,7A,5
Sergik x DJ Epidemik x 1200Runway - No Time.wav,86.1,F# minor,11A,6
SERGIK x Auxlee - Quirk.wav,147.7,D major,10B,5
SERGIK - Chasing the sun to Tokyo (Mastered).wav,89.1,E minor,9A,6
SERGIK x Cafe Caderas - House Girls.wav,129.2,A major,11B,6
SERGIK - Drop Dat B.wav,129.2,D major,10B,5
SERGIK - In The Moment.wav,86.1,D minor,7A,7
SERGIK - Up All Night.wav,86.1,C major,8B,6
SERGIK x Sean Hart - - All I Want V3.wav,117.5,A major,11B,6
SERGIK - I Like the way.wav,123.0,A major,11B,6
SERGIK - Golden Hour - Trap.wav,86.1,A major,11B,6
SERGIK - Guttah.wav,129.2,A major,11B,8
Sergik x Hausofdevotion - Delirium.wav,86.1,A minor,8A,5
SERGIK x Janis - Like a Daisy (VIP Alchemy).wav,76.0,F major,7B,6
SERGIK x Sean Hart Ft. Chris Powell - American LOVE (Rebass).wav,117.5,D major,10B,6
SERGIK - All My Ladies ft. Nessa.wav,123.0,F major,7B,6
SERGIK x Breauxxx - All Around.wav,86.1,D major,10B,6
SERGIK - Lose Yourself.wav,123.0,D major,10B,6
SERGIK - Aha.wav,86.1,A minor,8A,6
SERGIK x Aloe Flipz x Nood - Bxtch I Grow (Shafeus Edit).wav,86.1,A# minor,3A,6
SERGIK - Jumpin v2.wav,129.2,A major,11B,5
SERGIK - Dont Go.wav,86.1,F# minor,11A,8
SERGIK x Silent Jay - Soul On Fire.wav,86.1,D major,10B,7
SERGIK - Do My Thang.wav,86.1,A major,11B,8
SERGIK x Forgotten Modern - Give it To Em.wav,123.0,A minor,8A,8
SERGIK - Electrify.wav,86.1,D major,10B,5
SERGIK X JIMII - JUST IN CASE.wav,129.2,D major,10B,6
SERGIK x Sean Hart x Sean Watson V2x Janis - Snap Back Sweet.wav,92.3,A major,11B,6
SERGIK x Bone - Motion.wav,89.1,D minor,7A,5
Sergik - Tell Me.wav,123.0,D minor,7A,6
SERGIK x Breauxxx x NOOD - Comprehension.wav,129.2,D major,10B,6
SERGIK x Aloe Flipz - Broken Problems v2.wav,123.0,D major,10B,6
SERGIK x Slick - Gangsta.wav,86.1,D major,10B,5
SERGIK - Elevator Musik.wav,129.2,D major,10B,7
SERGIK - Never Hold Back.wav,86.1,D minor,7A,6
SERGIK - Funkshway analog.wav,117.5,D major,10B,7
Sergik - 90s Baby.wav,86.1,D major,10B,6
SERGIK - Going Fast3.wav,86.1,D major,10B,6
SERGIK - Hotstepper Remix.wav,99.4,D minor,7A,5
SERGIK - Mind n Body.wav,86.1,D major,10B,6
SERGIK x Sean Hart Ft. Chris Powell - American LOVE V2.mp3,123.0,D major,10B,6
SERGIK x NOBOUNDS - Alleyways.wav,123.0,A minor,8A,6
SERGIK x Aloe Flipz - Betta Daze 88bpm.wav,89.1,D minor,7A,6
SERGIK - Going Fast.wav,86.1,D major,10B,7
SERGIK - Hi n Lo.wav,86.1,D# major,5B,6
SERGIK - Going Fast2.wav,86.1,D major,10B,7
SERGIK x CHKLZ - To Da Flow.wav,129.2,A major,11B,7
SERGIK ft. Residuo - Gottalotta.1.wav,123.0,D major,10B,7
SERGIK - Must Be.wav,86.1,D major,10B,6
Sergik x Skeezy - Gangsta.wav,129.2,D major,10B,6
SERGIK - Space Travel.wav,86.1,A major,11B,6
SERGIK - Astro Daze.wav,76.0,A minor,8A,9
SERGIK x OG Coconut - What you want.wav,86.1,D major,10B,7
SERGIKx Offmedz_ - Trippy Liquid.wav,86.1,D major,10B,6
SERGIK x Slick Floyd x Lev Ayathiens - Running V2.wav,117.5,F major,7B,6
Sergik x Slick - Da Pyramids.wav,86.1,D minor,7A,6
SERGIK - Boomers.wav,123.0,F# minor,11A,5
SERGIK - Have To Dance.wav,123.0,A major,11B,6
SERGIK x AUXLEE - The Conex.wav,103.4,A minor,8A,8
SERGIK - Motions.wav,129.2,D minor,7A,5
SERGIK - Duces (Disco Infero Remix).wav,112.3,D major,10B,6
SERGIK - How I Feel.wav,117.5,A minor,8A,6
SERGIK - When we go.wav,86.1,D major,10B,7
SERGIK - Wonked.wav,92.3,A minor,8A,6
SERGIK - Whats Her Name ft. Mateo Haze.wav,117.5,A major,11B,6
SERGIK x LODIN - Bussin v2.wav,123.0,A major,11B,7
SERGIK - Leveled.wav,92.3,A major,11B,5
SERGIK - Seretonin.wav,86.1,B minor,10A,6
SERGIK - City Control.wav,123.0,A major,11B,7
SERGIK - Rhythm v3.wav,86.1,A minor,8A,6
SERGIK - Something.wav,86.1,D major,10B,7
SERGIK - Vibrationz.wav,123.0,D major,10B,6
SERGIK - Like The Ol Days.wav,123.0,E minor,9A,6
SERGIK x OG Coconut x Kuhl - Mavericks V2.wav,143.6,D major,10B,6
SERGIK x Deep Chetty- So Good.wav,86.1,D minor,7A,7
SERGIK - Tell me wat it do.wav,129.2,D major,10B,7
SERGIK Ft. Lugh Haurie - Zoned 127 BPM D Min.wav,129.2,C major,8B,7
Sergik x JIMIII x Mateo Haze - Tap In.wav,147.7,D major,10B,7
SERGIK - Traction.wav,92.3,D major,10B,5
SERGIK x Janis x Sean W x Safecrackaz - Take Me To 2.wav,117.5,D major,10B,5
SERGIK x Zack Thrasher - Betta.wav,123.0,G major,9B,8
SERGIK x Zonii - kcuf.wav,123.0,A major,11B,6
SERGIK - Wut We Bring.wav,86.1,D minor,7A,6
SERGIK - Funky Technician.wav,86.1,D major,10B,6
SERGIK x Breauxx x WWW - Uninvited.wav,86.1,D major,10B,9
SERGIK x Zak Martin - Throw it Back.wav,129.2,D major,10B,6
SERGIK - Rhythm v2.wav,86.1,A major,11B,6
SERGIK x Breauxxx - The Bag 135bpm (Techyea SRGFLIP).wav,129.2,D major,10B,6
SERGIK x Frank Terry_Repeat_MSTR 1 [Worth the Weight Mastering].wav,86.1,D major,10B,6
SERGIK x Kody Black x Lugh Haurie - All My Friends.wav,129.2,D major,10B,7
Sergik - Hard to Love.wav,117.5,A minor,8A,6
SERGIK - How We Do.wav,129.2,D major,10B,5
SERGIK x Auxlee - Weepin Willows.wav,136.0,A major,11B,6
SERGIK - The Beat.wav,117.5,A minor,8A,7
SERGIK x Mike Ron - MNWKA.wav,92.3,A major,11B,5
SERGIK x Bob Secret - Kiss Me.wav,123.0,D minor,7A,7
SERGIK - Bass Bunker.wav,89.1,D minor,7A,6
SERGIK - Rushy Funkshway.wav,117.5,A major,11B,6
SERGIK - Straight to the Room.wav,86.1,A major,11B,6
SERGIK - Rhythm VIP Techno.wav,129.2,A minor,8A,6
SERGIK x Janis & The Planets - To The Moon.wav,117.5,A minor,8A,6
SERGIK ft. Javi - LOKO.wav,129.2,A major,11B,6
SERGIK - This is the sound.wav,86.1,A major,11B,7
SERGIK - Piece Of Your Luv 2.wav,123.0,D minor,7A,8
Sergik - Kittymean.wav,129.2,E minor,9A,6
SERGIK x OG Coconut - Big Macs n Jumbo Jacks.wav,129.2,E minor,9A,5
SERGIK - To Dat Bass.wav,129.2,D major,10B,6
SERGIK x OG Coconut x Kuhl - Mavericks.aif,143.6,A major,11B,6
SERGIK - The World Dont Stop The Day (Sax).wav,123.0,D major,10B,6
SERGIK - Discodellic.wav,86.1,D minor,7A,6
SERGIK - My Type.wav,86.1,D minor,7A,7
SERGIK x Aloe Flipz - Broken Problems.wav,123.0,D major,10B,7
Sergik x Silent Jay - tear the roof off.wav,86.1,D major,10B,7
SERGIK - Cherry Bombs singled.wav,86.1,D minor,7A,5
SERGIK Rework - Say Yeah v4.wav,129.2,A major,11B,6
SERGIK - Resist d'King Of The Jungle with LOVE.wav,123.0,G major,9B,5
SERGIK x NOOD - juice.wav,129.2,D major,10B,5
Sergik - Warehouse District.wav,86.1,C# minor,12A,6
Sergik - Recuperate.wav,83.4,A minor,8A,5
SERGIK - Like That 1.wav,86.1,A major,11B,7
sergik x frank terry_cozy cats_master 1 (worth the weight).wav,86.1,G major,9B,6
SERGIK - Forza.wav,86.1,D major,10B,8
SERGIK x Slick Floyd x Lev Ayathiens - Running.wav,117.5,F major,7B,6
SERGIK - Can We Rock.wav,117.5,A major,11B,5
Sergik x Slick Floyd - If you want to.wav,86.1,A major,11B,7
SERGIK - Ooh I Like That.wav,123.0,D major,10B,6
SERGIK x CHKLZ - On Da Flow.wav,86.1,D major,10B,7
SERGIK - Deep Side The Mood.wav,136.0,D major,10B,5
SERGIK x Janis & The Planets - Searching (Instrumental).wav,92.3,F major,7B,5
SERGIK - Para Papa.wav,123.0,A major,11B,8
SERGIK - Drunk.wav,129.2,A major,11B,6
SERGIK - Rushy Funkshway 1.wav,117.5,A major,11B,7
SERGIK x Breauxxx - The Bag 135bpm (Tech-yes VIP).wav,129.2,D major,10B,6
SERGIK  - Make it Bounce Pre-Master.wav,129.2,D major,10B,6
SERGIK - Roundabout No Exit.wav,86.1,D major,10B,6
SERGIK - Free.wav,129.2,A major,11B,6
SERGIK x Guage x Fairydvst - Feelin.wav,129.2,D major,10B,6
SERGIK x BatteryLo - Thiiisss.wav,92.3,A minor,8A,7
SERGIK x Slick Floyd x Lev Ayathiens - Running (No Vocals).wav,117.5,F minor,4A,6
SERGIK - Cant Fight It.wav,123.0,D major,10B,7
SERGIK - Book of Memories.wav,92.3,G major,9B,6
SERGIK x Stov - Everyday (DnB ViP).wav,76.0,A major,11B,6
SERGIK - WooksWonkWubz.wav,143.6,A major,11B,6
SERGIK x Braydo - Bicycle Day.wav,86.1,D major,10B,7
SERGIK - Containment Breach.wav,129.2,A major,11B,5
Sergik x L9V - Hourglass.wav,86.1,D minor,7A,8
SERGIK - Early Morning.wav,123.0,G# major,4B,8
SERGIK x NOOD - If You Want To.wav,86.1,C major,8B,6
SERGIK Remix - Durand Jones & The Indications - Witchoo.wav,117.5,F# minor,11A,6
SERGIK x JIMII - Do it Yourself v2.wav,86.1,D major,10B,6
SERGIK ft Tia Jenny - Thats IT..wav,117.5,A minor,8A,6
SERGIK x Breauxx - Come Correct.wav,129.2,A major,11B,6
SERGIK - No Drama.wav,123.0,A minor,8A,5
SERGIK x ESHER - Nitrous.wav,136.0,C major,8B,5
SERGIK x Sean Watson Ft. Janis - A Good Day.wav,92.3,A major,11B,6
SERGIK Ft. Janis & The Planets - Suade.wav,92.3,D minor,7A,6
SERGIK x Zak Martin - Wat U Want.wav,86.1,A minor,8A,6
Sergik - baked turkey.wav,117.5,C minor,5A,5
SERGIK x Jetski - Alienated.wav,129.2,D minor,7A,7
SERGIK x Slick Floyd - LDE.wav,86.1,D major,10B,7
SERGIK x Cy Heck - On A Diet.wav,129.2,D minor,7A,6
SERGIK x Dilon Karim Ft. BeJanis- Let it Take Ya (Instrumental) 1.wav,123.0,D major,10B,6
SERGIK - To Dat Bass 2.wav,86.1,D major,10B,6
SERGIK - Turn in to.wav,123.0,A major,11B,6
SERGIK - Whats the Reason (Bass VIP).wav,92.3,A minor,8A,6
SERGIK - Rover Coasting.wav,86.1,D major,10B,5
SERGIK - Bitty Bong Dub.wav,92.3,D minor,7A,5
SERGIK - The World Dont Stop The Day.wav,86.1,D major,10B,6
SERGIK x Slick Floyd - Pharoe.wav,86.1,A major,11B,5
SERGIK x Isaiah - Wont Stop.wav,136.0,E minor,9A,6
SERGIK x Sean Hart x Cy Heck - Give Me That Sound.wav,123.0,D major,10B,5
SERGIK X OG Coconuttz - Drunk n High.wav,143.6,A major,11B,6
SERGIK - Going Gone 122bpm.wav,86.1,A major,11B,6
SERGIK - Frequency.wav,129.2,D minor,7A,7
SERGIK - Double D's.wav,86.1,D major,10B,6
SERGIK - In The Streets 2.wav,86.1,D major,10B,6
SERGIK - Like The Ol Days 1.wav,129.2,A major,11B,6
SERGIK - Everlast.wav,86.1,D minor,7A,6
SERGIK - Sometimes Ft. Bessie Jones.wav,80.7,G# minor,1A,5
SERGIK - Quarter Keys ft Andino.wav,86.1,D major,10B,6
SERGIK - Duce.wav,112.3,D major,10B,6
SERGIK - Atlantis.wav,86.1,B minor,10A,5
SERGIK - Cruise Control 1.wav,129.2,D minor,7A,5
SERGIK - Up n Down.wav,129.2,F# minor,11A,7
SERGIK x Optikz - Foe Fos.wav,92.3,A major,11B,7
SERGIK x L9V x Silent Jay - We Should Save.wav,123.0,D minor,7A,5
SERGIK x Silent Jay - Move n Groove.wav,86.1,A minor,8A,6
SERGIK - Better With You.wav,123.0,D minor,7A,6
SERGIK x Breauxxx - The Bag  (DiscoTech SRGFLIP).wav,129.2,A major,11B,6
SERGIK x Javi - Smoke Break at Da Crib VIP.2.wav,86.1,D major,10B,5
SERGIK - Daze V2.wav,152.0,E minor,9A,6
SERGIK x Emperor Obscure - Baggin On Me.wav,123.0,D major,10B,6
SERGIK Remix - Damian Marley - Welcome To Jamrock.wav,129.2,G minor,6A,6
SERGIK - Let the music.wav,117.5,C major,8B,5
SERGIK - Spanktula.wav,86.1,D minor,7A,8
SERGIK - Hello Hello.wav,86.1,A major,11B,6
SERGIK - All I Want is.wav,123.0,D major,10B,6
SERGIK - Space Dust.wav,86.1,A minor,8A,6
SERGIK x NOOD -  Refreshments.wav,86.1,D major,10B,5
SERGIK - Dandy - Cmaj - 105bpm.wav,147.7,D major,10B,6
SERGIK - What Is What Xtendo.wav,89.1,D minor,7A,8
SERGIK Rework - Say Yeah v3.wav,129.2,A major,11B,6
Sergik - Bloops n Kats.wav,123.0,D major,10B,7
SERGIK - Sunrise Bass.wav,92.3,D minor,7A,6
SERGIK - Fk Wat They Say.wav,123.0,F# minor,11A,7
SERGIK - Bender 1 1.wav,86.1,D major,10B,7
SERGIK - Wonked (135 BPM Drum Rework).wav,89.1,A major,11B,6
SERGIK x Skeezy - Keep Myself.wav,86.1,A major,11B,7
SERGIK - Jumpin.wav,129.2,A major,11B,5
SERGIK x Cy Heck - On A Diet V2 1.wav,86.1,D major,10B,5
SERGIK - Perspectives.wav,123.0,A major,11B,9
SERGIK x Isaiah Walker - Be Yourself.wav,123.0,A major,11B,5
SERGIK x CEEMOAR x GOJI - SlimThick.wav,129.2,D major,10B,6
SERGIK x Bobs Secret - From The Soul.wav,86.1,A major,11B,6
SERGIK x Forgotten Modern - Flip Da Switch.wav,129.2,D major,10B,7
SERGIK - 24_7 VIP 2.wav,86.1,A major,11B,6
SERGIK - Do It Right (Peggy Gou Remix).wav,147.7,D minor,7A,7
SERGIK - Illusions.wav,86.1,D major,10B,6
SERGIK - The Seed.wav,80.7,D major,10B,5
SERGIK - BS Aside.wav,123.0,A major,11B,7
SERGIK X OLEA - Bad Water.wav,86.1,A major,11B,8
SERGIK x Breauxx - Walk Dat Walk.wav,86.1,D minor,7A,6
SERGIK - Gypsy - House.wav,152.0,D minor,7A,7
SERGIK - Subliminal acid.wav,123.0,A major,11B,6
Sergik - Its On till Dawn.wav,86.1,A major,11B,6
SERGIK - Bad Decisions.wav,123.0,A minor,8A,8
SERGIK x Slick Floyd - Bout Dat.wav,86.1,D major,10B,6
SERGIK x Javi - Smoke Break at Da Crib VIP1.wav,86.1,D major,10B,6
SERGIK - Temptations.wav,123.0,D major,10B,6
SERGIK - Reverie.wav,123.0,D minor,7A,6
SERGIK x SRIJA - Disco Power.wav,129.2,D major,10B,6
SERGIK x Sean Watson x NOOD - Aqua.wav,86.1,A major,11B,5
Sergik - Shifting.wav,86.1,B minor,10A,6
SERGIK - Giddup - 125BPM CMaj.wav,123.0,D major,10B,7
SERGIK x Cy Heck - On A Diet V2.wav,86.1,D major,10B,5
SERGIK x Cy heck - On A Diet V3.wav,123.0,D major,10B,6
SERGIK - Spring Swing 1.wav,86.1,A minor,8A,7
Sergik ft. 1200runway x DJ Epidemik - Its My Birthday_.wav,123.0,C major,8B,5
SERGIK - Tricks.wav,89.1,D major,10B,7
Sergik - Desert Dweller.wav,117.5,B minor,10A,6
SERGIK x Breauxxxx x Janis - The Bag (OG MiX).wav,129.2,A major,11B,6
SERGIK x Forgotten Modern - Flip Da Switch v2.wav,129.2,D major,10B,7
SERGIK - On and On.wav,129.2,D major,10B,5
SERGIK - Wandering.wav,117.5,G# minor,1A,5
SERGIK x Ben Frank x Sean H - Wantchoo.wav,117.5,F# minor,11A,6
Sergik x Mateo Haze - Changing Lanes.wav,86.1,A minor,8A,6
SERGIK x SLICK FLOYD - Feelin Good V2.wav,86.1,D minor,7A,8
SERGIK - Came to get Lit.wav,86.1,D major,10B,6
SERGIK - 24_7 VIP 1.wav,123.0,E minor,9A,6
SERGIK - Lunar Gravity.wav,86.1,D major,10B,5
SERGIK x Frank Terry - Repeat.wav,86.1,D major,10B,7
SERGIK - What You Gon Do.wav,86.1,A minor,8A,8
Sergik - Music is my drug.wav,86.1,A major,11B,6
SERGIK x Curiousoul - Midnight Mirage.wav,86.1,D minor,7A,6
SERGIK - Tuck n Roll.wav,129.2,A minor,8A,6
SERGIK - What u gotta do.wav,129.2,A major,11B,7
SERGIK x Breauxx - You Can't 1.wav,86.1,D major,10B,6
SERGIK x Sean Hart - Dandelicious.wav,117.5,A minor,8A,6
Lando - Vacation.mp3,123.0,A minor,8A,6
These times.wav,92.3,B minor,10A,4
Sean Hart - SHAKE THAT ASS FUNKERSIZE.wav,86.1,F# minor,11A,9
chillout vibin.mp3,123.0,A major,11B,5
Soundolosophy.wav,117.5,A major,11B,5
hip hop jordan 34-2.mp3,112.3,A major,11B,6
ANDINO x SERGIK -  ELROW 1.wav,129.2,D major,10B,7
untitled.fyjump3.mp3,147.7,G minor,6A,4
Chill hip hop 2.mp3,92.3,C major,8B,6
Chill hip hop 3.mp3,129.2,D major,10B,6
AZ.mp3,89.1,D major,10B,6
the LNGwayyyyyyyyy v1.wav,92.3,E major,12B,6
TombStoned (0).wav,92.3,A minor,8A,5
Stranger wings 140.wav,143.6,A major,11B,5
Janis & The Planets x SERGIK - Searching.wav,92.3,F major,7B,5
Another Day.wav,123.0,A minor,8A,6
You Said That (0).wav,89.1,A major,11B,7
long ago (1).wav,89.1,A major,11B,5
Dream Edge_2.mp3,99.4,F# minor,11A,5
Trip Hop 3.mp3,152.0,D major,10B,6
BeJanis x Sergik's Secret - Soul Infinite.wav,92.3,D minor,7A,6
Old Fellas 4 (Sin Drum).mp3,80.7,A major,11B,5
8.12 - haus.mp3,123.0,B minor,10A,6
OG Coconut - sturdy_uh.wav,143.6,E minor,9A,7
Cold Sweat.wav,89.1,A# minor,3A,5
SERIK x Stan The Guitarman - Well Known Treat.wav,123.0,D major,10B,6
Ease (0).wav,86.1,A minor,8A,5
SHAKE THAT ASS FUNKERSIZE.wav,86.1,F# minor,11A,9
808 start up!.mp3,80.7,A minor,8A,6
DURO - no breakdown no vox 11.30.22.mp3,86.1,B minor,10A,6
Tang Wu (0).wav,123.0,A major,11B,6
Optikz x SERGIK(Vips) - Crowd Control - Trap.wav,123.0,A minor,8A,8
9.22.24 Empty 120 BPM Note C.aif,117.5,C major,8B,6
Goin Backwards.mp3,136.0,A minor,8A,7
"DRE, Dilon Karim - Frustrated (Unreleased).wav",143.6,A major,11B,5
Realm Transfer.wav,86.1,D minor,7A,6
ARZA - Swear Fo 2.wav,92.3,F# minor,11A,6
relaxation.mp3,123.0,A minor,8A,4
Trip Hop 4.mp3,86.1,A major,11B,6
How I Work [vocals].mp3,129.2,D major,10B,7
RIdin.wav,86.1,F# minor,11A,6
Dunes of Dawn & Dilon Karim - Paranoia (UNR).mp3,92.3,A major,11B,5
Andino x Sergik - Tradicion master.wav,86.1,D major,10B,6
no love (0).wav,123.0,A minor,8A,6
3 41 AM.wav,86.1,D major,10B,6
Cory Hill x SERGIK - Love.wav,117.5,A major,11B,5
Lodin - A Letter From Home 2.mp3,129.2,D major,10B,6
Hidden World of Fungi (Instrumental)  - Michael Crowe x SERGIK.wav,129.2,C major,8B,5
Cory Hill x SERGIK - Love 1.wav,86.1,A major,11B,5
Donuts N Milk (0).wav,89.1,B major,1B,6
Rainy Daze (0).wav,86.1,D minor,7A,6
Noir Pt 2.mp3,83.4,A# minor,3A,5
RUNTHA v222.mp3,86.1,E minor,9A,7
Pixelated Thoughts (0).wav,89.1,A major,11B,6
england 2.wav,86.1,E major,12B,6
8.14 - novation.mp3,86.1,F minor,4A,5
BOTEV - WALK WIT IT V3.wav,129.2,A minor,8A,8
Jcreate - Sick rat  COLLAB 83.261 bpm.mp3,86.1,G# minor,1A,6
Mine Edit.mp3,86.1,F# minor,11A,6
dane n jc.mp3,86.1,A major,11B,5
jazz new.mp3,129.2,D minor,7A,6
uncertain.wav,78.3,B minor,10A,5
Trip Hop 7.mp3,89.1,D minor,7A,6
womwomwom 121BPM v2 1.wav,86.1,A major,11B,6
Moon Night Light.mp3,86.1,C major,8B,4
Overtime (0).wav,89.1,A major,11B,5
Evolution theory.mp3,86.1,A minor,8A,6
Humanity Unknown.mp3,80.7,D major,10B,7
Lodin - A Letter From Home 1.mp3,129.2,D major,10B,6
tommorow (0).wav,129.2,G# minor,1A,4
romin killa 2.mp3,129.2,D major,10B,7
NooD - bitch i grow v3 1.wav,123.0,F major,7B,5
DINO x SERGIK - MEXICAN CHEETOS.wav,129.2,D major,10B,6
Silent Jay x Sergik - It's Getting FINAL.wav,86.1,D major,10B,6
FALL AWAY FLIP final_.wav,143.6,A minor,8A,3
Rainy Daze.wav,86.1,D minor,7A,6
Make you lose control (BPM 127) (JcreateXGRAPHX).wav,129.2,E major,12B,5
on_a_roll_nunzio_packs_v2-1.wav,129.2,D# major,5B,6
GUCCI'S DJ BAG M1.aif,147.7,D major,10B,6
casta collab 2 master 2.wav,129.2,E minor,9A,8
18-Audio 0001 [2024-07-25 035127].aif,92.3,A minor,8A,5
Cory Hill x SERGIK - Love v2.wav,117.5,A major,11B,5
HOP BUNNY HOP.mp3,92.3,E major,12B,7
Leaned out 1 (1).wav,152.0,G minor,6A,9
nunzio 430 final mix.mp3,123.0,E major,12B,5
AUDIO_6480.mp3,86.1,F# minor,11A,6
ARZA - Swear Fo 2 vocals.wav,129.2,G minor,6A,9
new leef v9.wav,123.0,D major,10B,6
SHAKE THAT ASS FUNKERSIZE 2.wav,86.1,F# minor,11A,9
england (BPM 124).wav,86.1,E major,12B,5
112 Cmin - Wanna B. 11.29.22 - skeleton.mp3,89.1,G# minor,1A,5
_dissss.aif,123.0,A minor,8A,5
THE ALCHEMIST x GRISELDA TYPE BEAT - Resolve.mp3,80.7,A major,11B,6
hip hop 18.mp3,143.6,D minor,7A,6
AZ 2.mp3,89.1,D major,10B,6
_  .wav,86.1,D major,10B,6
sunset_TK15887069.mp3.mp3,123.0,D minor,7A,5
9..10.24 Lonely 111 BPM Note F#.aif,92.3,F# minor,11A,6
ARZA - Swear Fo.wav,92.3,F# minor,11A,6
barbie remix v333.mp3,86.1,A minor,8A,6
Dilon Karim - Attitude (Alternate Dub).wav,86.1,D major,10B,6
Lucidic.wav,86.1,E minor,9A,6
Sploink Music.wav,80.7,B minor,10A,7
connection.wav,152.0,D major,10B,7
MA_DanBarracuda_Medianoche_Instrumental.wav,117.5,F# major,2B,5
Barrio Bros - Bloops.wav,86.1,A major,11B,6
Tommorow maybe-2.wav,117.5,C# major,3B,5
Clear Dessert Skies Ft. Mewgun (guitar).mp3,86.1,A major,11B,5
space dust.wav,123.0,C minor,5A,6
Dunes of Dawn & Dilon Karim - Thought Process (DEMO).wav,143.6,D major,10B,6
Arza - Dark Triad 120bpm D min.wav,92.3,D minor,7A,3
Ego Trippin Master.wav,89.1,A minor,8A,6
I'll wait Hip Hop Type Beat.wav,92.3,D major,10B,6
Mike Crowe Mycology Series V1 - Sounds by SERGIK.wav,129.2,D major,10B,5
in the town (0).wav,123.0,B minor,10A,6
Lucy Lights.wav,112.3,A major,11B,5
sine_init v2.wav,92.3,B minor,10A,5
SnoopCat.wav,92.3,F# minor,11A,6
Slick Floyd x SERGIK x Silent Jay - Sonic Movement FINAL.wav,129.2,D major,10B,6
Floating the city (0).wav,123.0,D minor,7A,6
OPTIKZ SWXTCHBLADE 174 E' (M1).aif,89.1,A minor,8A,7
i do remember logan v2 3.wav,117.5,E major,12B,5
BUBBLES NEW.wav,143.6,A major,11B,5
jake alexander v1.aif,123.0,A minor,8A,5
Cloupour JFears.wav,78.3,D major,10B,6
9.24.24 What A Day 120 BPM Note F.aif,123.0,F major,7B,6
No Beer Here (0).wav,92.3,D minor,7A,6
This is the sound.wav,123.0,D major,10B,7
EAT THE ACID V2.wav,86.1,A minor,8A,7
WHAT THE FUCK.mp3,86.1,A major,11B,4
upcoming (0).wav,99.4,E major,12B,6
Arza - Art Of Dying 127bpm prod. Arza E min.wav,89.1,F# major,2B,5
Dmtree - Overgrown.wav,92.3,G# minor,1A,6
SEERGIK - All The Vibes.wav,86.1,D major,10B,7
phase distortion v3.wav,89.1,D major,10B,5
Arza - Hologram G min.wav,92.3,G minor,6A,5
Sugar Cubes (0).wav,78.3,A major,11B,5
BATTERYLO & PALMA-  LZRR V1.wav,129.2,B minor,10A,5
Andino x Sergik x Janis - Tradicion.wav,129.2,D major,10B,6
double it j dawg.mp3,117.5,G# minor,1A,6
bobby BATTLO v7.wav,92.3,D major,10B,6
8.28.24 Tryin Be 120 BPM Note E.aif,86.1,E minor,9A,6
BOBBY HILL.aif,86.1,A major,11B,6
Hip Hop.mp3,89.1,A minor,8A,6
JXH collab 1.mp3,112.3,F# minor,11A,6
Dont Fight it - LODB X JCREATE (0).wav,92.3,F# minor,11A,6
Hip Hop 8.mp3,89.1,D major,10B,6
Arza - Jumpin Out The Jet 150bpm B min.wav,76.0,F# minor,11A,6
OMNOM x SERGIK - CONTRABAND.wav,86.1,C major,8B,7
Hip Hop 5.mp3,89.1,E minor,9A,6
understood.wav,92.3,F# minor,11A,5
Fly Aliens - SERGIC x NAM x Mateo Haze.wav,123.0,F# major,2B,6
Overtime.wav,89.1,A major,11B,5
Hip Hop 12.mp3,143.6,F# minor,11A,5
Arza - Figure It Out 135bpm Gb min.wav,143.6,F# minor,11A,5
Hip Hop 13.mp3,86.1,D major,10B,6
minimal baby - Frandisco.mp3,129.2,D minor,7A,5
Equipoise (0).wav,86.1,A minor,8A,6
Instrumental Michael Crowe Mycology Series V1 - Sounds by SERGIK.wav,129.2,D minor,7A,5
OG Coconut - Vivid (SERGIK Master).wav,123.0,A minor,8A,5
Silent Jay x Sergik - Move Me.wav,86.1,D major,10B,9
Lodin - A Letter From Home (Unreleased).mp3,129.2,D major,10B,6
DINO x SERGIK - MINIMAL.wav,129.2,F major,7B,7
remember_the_times.wav,103.4,D major,10B,6
you can fw us cd-6 edit.aif,129.2,D major,10B,7
Told Me (0).wav,78.3,E minor,9A,4
Waavy.wav,117.5,A major,11B,6
Hip Hop 6.mp3,152.0,D minor,7A,5
BENNY THE BUTCHER x 38 SPESH x JADAKISS Type Beat - Revenge.mp3,123.0,F# minor,11A,6
gaslamp district mv1.aif,92.3,A# minor,3A,6
On the Road session.mp3,86.1,B minor,10A,7
Dreaming Jet 3.mp3,129.2,D minor,7A,9
Jazz 1 bass.mp3,123.0,F major,7B,2
Hip Hop 10.mp3,86.1,E minor,9A,6
doors of perception.mp3,129.2,A minor,8A,5
Chasing Dreams (1).wav,123.0,A# minor,3A,5
Dreaming Jet 2.mp3,129.2,D minor,7A,9
understood (0).wav,92.3,F# minor,11A,5
6.24.24 V2.0 Smells like FUNK 114 bpm Note C.aif,112.3,C major,8B,6
Feel Good.wav,129.2,D minor,7A,5
Try Me Mix-Down_master 2.wav,86.1,A minor,8A,7
Old Fellas - Azare Ft. JCreate 3.mp3,80.7,A major,11B,6
DOMMO - MYLOVE4U.wav,129.2,F# minor,11A,9
Optikz x SERGIK(Vips) - Crowd Control - House.wav,123.0,A minor,8A,8
Rushh.wav,123.0,B minor,10A,6
Dilon Karim - Chancellor.wav,89.1,A major,11B,5
Chasing Dreams (0).wav,123.0,A# minor,3A,5
Try Me Mix-Down_master.wav,86.1,A minor,8A,7
mm chop.mp3,123.0,C minor,5A,1
jordan beat 2.mp3,83.4,D major,10B,6
Night Moon Light.mp3,86.1,C major,8B,6
Hip Hop 14.mp3,143.6,D major,10B,5
Chasing the sun to Tokyo.wav,89.1,E minor,9A,6
JIMII x Sergik - dublin.wav,86.1,D major,10B,8
hip hop 15.mp3,86.1,A minor,8A,6
SERPANT 1.aif,136.0,A minor,8A,6
Optikz x SERGIK(Vips) - Crowd Control - House _ Trap.wav,86.1,D major,10B,7
Samurai Showdown (0).wav,89.1,D major,10B,6
LANDR-emodrill_153bpm-Open-High 2.mp3,86.1,B major,1B,6
01 Arza (One Word) ruff mix 1.mp3,152.0,D minor,7A,6
Mykeology Audio.wav,76.0,A minor,8A,6
Arza - Already Know 129bpm A# min.wav,117.5,F minor,4A,4
SHAKEDIT.mp3,103.4,D major,10B,8
Sunday laxing.mp3,152.0,C major,8B,5
"diablo - coco, auxlee MASTER v1122.wav",129.2,A major,11B,6
ANDINO x SERGIK - Bird Talk.wav,86.1,G major,9B,6
We Should Save - Dubba Haus.wav,129.2,A major,11B,7
Dilon Karim - Attitude (Alternate Dub) 2.wav,86.1,D major,10B,6
10A - DAY N NITE (PIERCE REMIX) V3.wav,92.3,D major,10B,6
Mac Miller - Self Care Acapella (Vocals Only).mp3,143.6,A major,11B,5
hip hop 16.mp3,143.6,F# minor,11A,7
WHO R U v10.wav,86.1,D major,10B,7
8.30.24 V2.0 Tron 120 BPM Note C.aif,89.1,C major,8B,7
oldfocks nu samples.mp3,80.7,D major,10B,5
Dreaming Jet 4.mp3,129.2,D minor,7A,9
plain jane xeno flip newest remaster.wav,80.7,A minor,8A,6
OPTIKZ - SHAOLIN (M1).aif,86.1,A major,11B,5
Janis and The Planets x SERGIK - Searching.wav,92.3,F major,7B,5
8.5.24 V2.0 groovin 120 bpm Note G.aif,86.1,D major,10B,5
Lazy Afternoon (0).wav,136.0,A minor,8A,5
Hip Hop 1.mp3,143.6,G# minor,1A,6
Dream Street (0).wav,80.7,C# minor,12A,6
5.24.24 2.0 LOVE 120 bpm A.aif,117.5,A major,11B,5
Always Constant.wav,89.1,D major,10B,7
blew up before it even started 12 smx.wav,143.6,C major,8B,6
SERPANT.aif,136.0,A minor,8A,6
01 Arza x Y2 (Prince) Prod Dame x.mp3,92.3,D minor,7A,7
Andino x SERGIK - Coming Thru 12.wav,129.2,D major,10B,6
SLAPSTICK BABY.mp3,107.7,D major,10B,6
Darker side of the street.mp3,123.0,B minor,10A,5
Night at the roxbury (Bass house) (Jcreate).wav,86.1,A minor,8A,6
tester - Dido - Thank You (Breauxx Remix).mp3,123.0,A major,11B,6
Lose Control ANAMORPHIC Remix V17.wav,129.2,A major,11B,7
BAGGINS - GIVING IT (Silent Jay x Sergik Remix).wav,129.2,A minor,8A,5
Loose Leaf - Jet X MIKI.mp3,129.2,D major,10B,7
HOP BUNNY HOP.wav,92.3,E major,12B,7
versace mp3.mp3,89.1,F# minor,11A,7
"Daisy - Right Cheek, Left Cheek.mp3",143.6,A major,11B,6
SlowNMelloe.mp3,92.3,D minor,7A,6
Tenderly (0).wav,92.3,D minor,7A,6
uncertain 1st.wav,78.3,E minor,9A,6
RTB- CD-6.aif,143.6,D major,10B,7
flip the phase v3.wav,143.6,E minor,9A,5
Trip Hop 8.mp3,136.0,A# minor,3A,6
TEST.wav,117.5,D minor,7A,6
[FREE] Benny The Butcher Type Beat - 40 KEYZ.mp3,89.1,F# minor,11A,5
ARZA - Swear Fo.mp3,92.3,F# minor,11A,6
Arza - California Dreams & Nightmares 144bpm E min.wav,143.6,E minor,9A,6
Jazzy Situation.mp3,80.7,D major,10B,6
Feel Good (0).wav,129.2,D minor,7A,5
nsd x sergik - Get yours (Version 3).wav,117.5,F# major,2B,6
Lodin - I've Been Waitin' 2.wav,123.0,D major,10B,7
Sean Hart - ALWAYS SAFECRACKERAZ.wav,117.5,D major,10B,7
Ceemoar x Sergik - No Body.wav,86.1,D major,10B,9
Mike Crowe x SERGIK - Lifecycle Of Growth.wav,92.3,D major,10B,6
eta_x_Lodin_-_UP.mp3,86.1,A minor,8A,5
MARS.mp3,152.0,A minor,8A,6
today (0).wav,80.7,F major,7B,5
GOING UP SIR.wav,86.1,A minor,8A,7
frank terry x sergik - repeat [mstr v2] (worth the weight mastering).wav,86.1,D major,10B,6
Feel The Jam.mp3,89.1,A major,11B,4
Clowds of Color (0).wav,92.3,D minor,7A,5
Zack Thrasher X Sergik - Sauced.wav,123.0,D minor,7A,7
Hidden World of Fungi - Michael Crowe x SERGIK.wav,136.0,A minor,8A,5
love me for me.mp3,117.5,A major,11B,9
Anthany Ray - Stagger (SERGIK Master).wav,136.0,A minor,8A,5
In The Groove - JCreate x Mewgun (0).wav,92.3,E major,12B,5
The Third (0).wav,86.1,A minor,8A,6
Dilon Karim - Chancellor 1.wav,89.1,A major,11B,5
ANIMORPHIC-ALIEN TALK V10.wav,76.0,D major,10B,6
REMIND ME VOCAL.wav,112.3,A major,11B,5
C MAJOR W BATTLO.wav,92.3,A minor,8A,5
familyphoto - greg v1.wav,143.6,A minor,8A,6
Ease Da Mood.mp3,123.0,A major,11B,5
Auxlee x Silent Jay x SERGIK x Offmedz - Just Breathe.wav,117.5,D major,10B,6
NooD - bitch i grow v3.wav,123.0,F major,7B,5
Lodin - A Letter From Home.mp3,129.2,D major,10B,6
Me Being Subtle (0).wav,86.1,A major,11B,5
Stov x SERGIK - Decomp.wav,117.5,D major,10B,7
The Third Eye.wav,143.6,F minor,4A,5
Flexing (0).wav,143.6,E minor,9A,5
womwomwom 121BPM v2.wav,86.1,A major,11B,6
slick x _ - Acid Wash.wav,123.0,A major,11B,5
Nicko Angelo - Bleep System.wav,129.2,D major,10B,5
8.23.24 V3.0  Poly Rhythm 120 BPM Note C.aif,117.5,C major,8B,5
Slapz.mp3,143.6,D minor,7A,6
Noir.mp3,143.6,C# major,3B,6
Hip Hopamine (0).mp3,143.6,A# major,6B,6
On a Chill mode.mp3,86.1,A major,11B,6
Just Be Yourself.mp3,129.2,E minor,9A,4
Slapz.mp3,143.6,D minor,7A,6
hip hop jordan 21.mp3,89.1,C major,8B,6
hip hop jordan 08.mp3,89.1,D major,10B,6
hip hop jordan 33.mp3,136.0,F# minor,11A,6
hip hop jordan 32.mp3,123.0,A major,11B,6
hip hop jordan 24.mp3,86.1,A major,11B,6
hip hop jordan 31.mp3,80.7,D major,10B,6
hip hop jordan 25.mp3,152.0,D minor,7A,6
hip hop jordan 19.mp3,123.0,D minor,7A,5
Chillow Pillow.mp3,78.3,C# minor,12A,5
hip hop jordan 29.mp3,129.2,A major,11B,7
hip hop jordan 15.mp3,86.1,A minor,8A,6
hip hop jordan 01.mp3,143.6,G# minor,1A,6
hip hop jordan 04 1.mp3,107.7,F major,7B,5
hip hop jordan 17.mp3,123.0,F# minor,11A,6
hip hop jordan 03.mp3,129.2,D major,10B,6
hip hop jordan 02.mp3,117.5,C major,8B,6
hip hop jordan 16.mp3,143.6,F# minor,11A,7
hip hop jordan 12.mp3,92.3,F# major,2B,5
hip hop jordan 06.mp3,152.0,D minor,7A,5
hip hop jordan 07.mp3,152.0,D minor,7A,5
hip hop jordan 13.mp3,86.1,D major,10B,6
hip hop jordan 05.mp3,89.1,E minor,9A,5
hip hop jordan 11.mp3,86.1,A major,11B,6
hip hop jordan 10.mp3,86.1,E minor,9A,6
hip hop jordan 04.mp3,89.1,E minor,9A,6
hip hop jordan.mp3,89.1,A minor,8A,6
hip hop jordan 29 (Slowed Remix).mp3,123.0,D major,10B,7
hip hop jordan 30 (#2).mp3,95.7,A major,11B,6
The Wah (0).mp3,143.6,A major,11B,5
Vibraphone Hop.mp3,123.0,A major,11B,6
Trumpets.mp3,147.7,A major,11B,5
Hipper Hop.mp3,143.6,D minor,7A,6
Return of The Boom Bap.mp3,143.6,C major,8B,6
Tonight (0).mp3,99.4,D minor,7A,6
06 How Long Has it Been.mp3,143.6,A major,11B,6
Crevice In the Dessert.mp3,78.3,G minor,6A,5
09 The Vibes.mp3,92.3,D major,10B,6
11 Altered Introspection Pt. 2.mp3,136.0,A# minor,3A,6
The Calling (0).mp3,129.2,F# minor,11A,6
Tranquil Ride (0).mp3,129.2,A# major,6B,5
Simmer Occasion.mp3,152.0,D major,10B,6
The Boom dont stop (0).mp3,143.6,F# minor,11A,5
Divine Art (0).mp3,123.0,D# minor,2A,6
swept (0).mp3,123.0,D major,10B,5
07 Smooth Sailing.mp3,86.1,A major,11B,6
Distortion.mp3,152.0,F minor,4A,6
Deeper than the ocean.mp3,129.2,F minor,4A,6
13 On A Journey.mp3,152.0,A major,11B,6
3s and 7s Cover by Austan x Scott T..mp3,86.1,B minor,10A,6
3s and 7s Cover_2.mp3,86.1,B minor,10A,6
Galore X JCreate - Smooth Sailing (0).mp3,86.1,G# major,4B,6
08 Happy Odd Individuals.mp3,83.4,F# minor,11A,6
01 End Of Summer.mp3,78.3,A major,11B,6
Desert Nights (0).mp3,83.4,D major,10B,5
Desperate (0).mp3,152.0,D major,10B,5
Flexing (0).mp3,143.6,E minor,9A,5
Whats going on_2.mp3,123.0,D minor,7A,6
Dont leave me alone.mp3,86.1,E minor,9A,6
collab myst (0).mp3,86.1,D minor,7A,6
Afternoon Ride (0).mp3,86.1,A# major,6B,6
Etheral Panorama (0).mp3,95.7,D major,10B,5
Whats going on (0).mp3,123.0,D minor,7A,6
Desert Nights.mp3,83.4,D major,10B,5
On the Otther side (0).mp3,86.1,D major,10B,5
Funking Around.mp3,92.3,D# major,5B,6
Give me that (0).mp3,83.4,A major,11B,5
That Funk (0).mp3,107.7,A major,11B,4
Trumpets.mp3,147.7,E major,12B,5
Divine.mp3,80.7,F# minor,11A,5
Give me that.mp3,83.4,A major,11B,5
The Vibes.mp3,92.3,D major,10B,6
04 The Token Ones.mp3,129.2,D minor,7A,6
On A Journey.mp3,152.0,A major,11B,6
12 Simmer Ocasion.mp3,152.0,D major,10B,6
Empyreal Funk (0).mp3,86.1,E major,12B,6
Happy Odd Individuals.mp3,83.4,F# minor,11A,6
Amaranthine (0).mp3,123.0,A# major,6B,6
Dont leave me alone (0).mp3,86.1,E minor,9A,6
Funking Around (0).mp3,92.3,D# major,5B,6
05 The Funky Psychedelic.mp3,152.0,D major,10B,6
Deja Vu (0).mp3,80.7,E minor,9A,6
Dream Sequence.mp3,76.0,A major,11B,5
World with No Regulation.mp3,86.1,C# minor,12A,6
Walk Back (0).mp3,86.1,B minor,10A,7
Focus (0).mp3,80.7,C major,8B,6
The Machine (0).mp3,89.1,A minor,8A,7
The Machine.mp3,89.1,A minor,8A,7
Mellow.mp3,80.7,D minor,7A,5
Feel the Jam.mp3,89.1,A major,11B,6
Kavon - Feel it now.mp3,92.3,F major,7B,7
These times.wav,92.3,B minor,10A,4
Sean Hart - SHAKE THAT ASS FUNKERSIZE.wav,86.1,F# minor,11A,9
chillout vibin.mp3,123.0,A major,11B,5
Soundolosophy.wav,117.5,A major,11B,5
hip hop jordan 34-2.mp3,112.3,A major,11B,6
Andino x Segik La Selva.wav,129.2,D minor,7A,6
ANDINO x SERGIK -  ELROW 1.wav,129.2,D major,10B,7
untitled.fyjump3.mp3,147.7,G minor,6A,4
Chill hip hop 2.mp3,92.3,C major,8B,6
Chill hip hop 3.mp3,129.2,D major,10B,6
AZ.mp3,89.1,D major,10B,6
the LNGwayyyyyyyyy v1.wav,92.3,E major,12B,6
TombStoned (0).wav,92.3,A minor,8A,5
Stranger wings 140.wav,143.6,A major,11B,5
Janis & The Planets x SERGIK - Searching.wav,92.3,F major,7B,5
Another Day.wav,123.0,A minor,8A,6
You Said That (0).wav,89.1,A major,11B,7
long ago (1).wav,89.1,A major,11B,5
Dream Edge_2.mp3,99.4,F# minor,11A,5
Trip Hop 3.mp3,152.0,D major,10B,6
BeJanis x Sergik's Secret - Soul Infinite.wav,92.3,D minor,7A,6
Old Fellas 4 (Sin Drum).mp3,80.7,A major,11B,5
8.12 - haus.mp3,123.0,B minor,10A,6
OG Coconut - sturdy_uh.wav,143.6,E minor,9A,7
Cold Sweat.wav,89.1,A# minor,3A,5
SERIK x Stan The Guitarman - Well Known Treat.wav,123.0,D major,10B,6
_.wav,86.1,D major,10B,6
Ease (0).wav,86.1,A minor,8A,5
SHAKE THAT ASS FUNKERSIZE.wav,86.1,F# minor,11A,9
808 start up!.mp3,80.7,A minor,8A,6
DURO - no breakdown no vox 11.30.22.mp3,86.1,B minor,10A,6
Tang Wu (0).wav,123.0,A major,11B,6
Optikz x SERGIK(Vips) - Crowd Control - Trap.wav,123.0,A minor,8A,8
9.22.24 Empty 120 BPM Note C.aif,117.5,C major,8B,6
Goin Backwards.mp3,136.0,A minor,8A,7
heavy dub v7.wav,136.0,D minor,7A,6
"DRE, Dilon Karim - Frustrated (Unreleased).wav",143.6,A major,11B,5
Realm Transfer.wav,86.1,D minor,7A,6
ARZA - Swear Fo 2.wav,92.3,F# minor,11A,6
relaxation.mp3,123.0,A minor,8A,4
Janis Demo x Andino.wav,129.2,A major,11B,6
Trip Hop 4.mp3,86.1,A major,11B,6
How I Work [vocals].mp3,129.2,D major,10B,7
RIdin.wav,86.1,F# minor,11A,6
mac me v3.wav,92.3,D major,10B,7
Dunes of Dawn & Dilon Karim - Paranoia (UNR).mp3,92.3,A major,11B,5
Andino x Sergik - Tradicion master.wav,86.1,D major,10B,6
no love (0).wav,123.0,A minor,8A,6
3 41 AM.wav,86.1,D major,10B,6
Cory Hill x SERGIK - Love.wav,117.5,A major,11B,5
WUB V2 light master.wav,136.0,E major,12B,6
Busta The Nut 3.mp3,117.5,A major,11B,8
Lodin - A Letter From Home 2.mp3,129.2,D major,10B,6
Hidden World of Fungi (Instrumental)  - Michael Crowe x SERGIK.wav,129.2,C major,8B,5
Cory Hill x SERGIK - Love 1.wav,86.1,A major,11B,5
Donuts N Milk (0).wav,89.1,B major,1B,6
Valerie Stoss - BACK2DANCE (Master) 2.wav,129.2,D minor,7A,6
Rainy Daze (0).wav,86.1,D minor,7A,6
Noir Pt 2.mp3,83.4,A# minor,3A,5
RUNTHA v222.mp3,86.1,E minor,9A,7
Pixelated Thoughts (0).wav,89.1,A major,11B,6
1A - 128 - Breauxx - Dance With Me (v1).wav,86.1,A major,11B,8
england 2.wav,86.1,E major,12B,6
8.14 - novation.mp3,86.1,F minor,4A,5
BOTEV - WALK WIT IT V3.wav,129.2,A minor,8A,8
Jcreate - Sick rat  COLLAB 83.261 bpm.mp3,86.1,G# minor,1A,6
Mine Edit.mp3,86.1,F# minor,11A,6
dane n jc.mp3,86.1,A major,11B,5
jazz new.mp3,129.2,D minor,7A,6
uncertain.wav,78.3,B minor,10A,5
Trip Hop 7.mp3,89.1,D minor,7A,6
womwomwom 121BPM v2 1.wav,86.1,A major,11B,6
Moon Night Light.mp3,86.1,C major,8B,4
Overtime (0).wav,89.1,A major,11B,5
Evolution theory.mp3,86.1,A minor,8A,6
Humanity Unknown.mp3,80.7,D major,10B,7
Lodin - A Letter From Home 1.mp3,129.2,D major,10B,6
tommorow (0).wav,129.2,G# minor,1A,4
romin killa 2.mp3,129.2,D major,10B,7
NooD - bitch i grow v3 1.wav,123.0,F major,7B,5
DINO x SERGIK - MEXICAN CHEETOS.wav,129.2,D major,10B,6
Silent Jay x Sergik - It's Getting FINAL.wav,86.1,D major,10B,6
FALL AWAY FLIP final_.wav,143.6,A minor,8A,3
beat 1.wav,86.1,E major,12B,2
Rainy Daze.wav,86.1,D minor,7A,6
Make you lose control (BPM 127) (JcreateXGRAPHX).wav,129.2,E major,12B,5
Safecrackers - Saving Kiki Kyte (SERGmx).wav,117.5,C# major,3B,7
on_a_roll_nunzio_packs_v2-1.wav,129.2,D# major,5B,6
GUCCI'S DJ BAG M1.aif,147.7,D major,10B,6
casta collab 2 master 2.wav,129.2,E minor,9A,8
18-Audio 0001 [2024-07-25 035127].aif,92.3,A minor,8A,5
Cory Hill x SERGIK - Love v2.wav,117.5,A major,11B,5
HOP BUNNY HOP.mp3,92.3,E major,12B,7
Leaned out 1 (1).wav,152.0,G minor,6A,9
nunzio 430 final mix.mp3,123.0,E major,12B,5
ME GUSTA D & B.mp3,86.1,D major,10B,6
AUDIO_6480.mp3,86.1,F# minor,11A,6
ARZA - Swear Fo 2 vocals.wav,129.2,G minor,6A,9
new leef v9.wav,123.0,D major,10B,6
SHAKE THAT ASS FUNKERSIZE 2.wav,86.1,F# minor,11A,9
england (BPM 124).wav,86.1,E major,12B,5
Janis and The Planets - Safespace v1.wav,86.1,F major,7B,3
112 Cmin - Wanna B. 11.29.22 - skeleton.mp3,89.1,G# minor,1A,5
eastermotherfucuckin eggs 1.mp3,92.3,A minor,8A,7
_dissss.aif,123.0,A minor,8A,5
THE ALCHEMIST x GRISELDA TYPE BEAT - Resolve.mp3,80.7,A major,11B,6
hip hop 18.mp3,143.6,D minor,7A,6
AZ 2.mp3,89.1,D major,10B,6
thisisit.mp3,86.1,A minor,8A,2
9..10.24 Lonely 111 BPM Note F#.aif,92.3,F# minor,11A,6
Janis and The Planets - (instrumental) What They Saying_.wav,117.5,D major,10B,5
ARZA - Swear Fo.wav,92.3,F# minor,11A,6
barbie remix v333.mp3,86.1,A minor,8A,6
Dilon Karim - Attitude (Alternate Dub).wav,86.1,D major,10B,6
Zonii x Sergik - trippin Hard.wav,143.6,D major,10B,6
Lucidic.wav,86.1,E minor,9A,6
Sploink Music.wav,80.7,B minor,10A,7
connection.wav,152.0,D major,10B,7
MA_DanBarracuda_Medianoche_Instrumental.wav,117.5,F# major,2B,5
Barrio Bros - Bloops.wav,86.1,A major,11B,6
Tommorow maybe-2.wav,117.5,C# major,3B,5
Clear Dessert Skies Ft. Mewgun (guitar).mp3,86.1,A major,11B,5
space dust.wav,123.0,C minor,5A,6
Dunes of Dawn & Dilon Karim - Thought Process (DEMO).wav,143.6,D major,10B,6
Arza - Dark Triad 120bpm D min.wav,92.3,D minor,7A,3
Ego Trippin Master.wav,89.1,A minor,8A,6
I'll wait Hip Hop Type Beat.wav,92.3,D major,10B,6
Mike Crowe Mycology Series V1 - Sounds by SERGIK.wav,129.2,D major,10B,5
in the town (0).wav,123.0,B minor,10A,6
Lucy Lights.wav,112.3,A major,11B,5
sine_init v2.wav,92.3,B minor,10A,5
SnoopCat.wav,92.3,F# minor,11A,6
Slick Floyd x SERGIK x Silent Jay - Sonic Movement FINAL.wav,129.2,D major,10B,6
Floating the city (0).wav,123.0,D minor,7A,6
BeJanis x Sergik's Secret - Soul Infinite (Instrumental).wav,92.3,,,1
i do remember logan v2 3.wav,117.5,E major,12B,5
BUBBLES NEW.wav,143.6,A major,11B,5
jake alexander v1.aif,123.0,A minor,8A,5
Janis & The Planets - Safe Bubble.wav,86.1,F major,7B,3
Cloupour JFears.wav,78.3,D major,10B,6
9.24.24 What A Day 120 BPM Note F.aif,123.0,F major,7B,6
No Beer Here (0).wav,92.3,D minor,7A,6
MARIJUANA;) saluddddd v2.wav,86.1,A major,11B,5
This is the sound.wav,123.0,D major,10B,7
Alien Nate - Nateski.mp3,86.1,B minor,10A,8
EAT THE ACID V2.wav,86.1,A minor,8A,7
WHAT THE FUCK.mp3,86.1,A major,11B,4
upcoming (0).wav,99.4,E major,12B,6
Arza - Art Of Dying 127bpm prod. Arza E min.wav,89.1,F# major,2B,5
Dmtree - Overgrown.wav,92.3,G# minor,1A,6
SEERGIK - All The Vibes.wav,86.1,D major,10B,7
phase distortion v3.wav,89.1,D major,10B,5
Arza - Hologram G min.wav,92.3,G minor,6A,5
Sugar Cubes (0).wav,78.3,A major,11B,5
BATTERYLO & PALMA-  LZRR V1.wav,129.2,B minor,10A,5
vos bitch.wav,92.3,D major,10B,9
Andino x Sergik x Janis - Tradicion.wav,129.2,D major,10B,6
double it j dawg.mp3,117.5,G# minor,1A,6
"Dilon Karim, Vincent William - Like It, Hold it.wav",123.0,D minor,7A,5
bobby BATTLO v7.wav,92.3,D major,10B,6
8.28.24 Tryin Be 120 BPM Note E.aif,86.1,E minor,9A,6
BOBBY HILL.aif,86.1,A major,11B,6
Hip Hop.mp3,89.1,A minor,8A,6
Nettspend Type Beat onmymind (prod. Zoowe).mp3 C major 8B 149.wav,99.4,G major,9B,6
JXH collab 1.mp3,112.3,F# minor,11A,6
Dont Fight it - LODB X JCREATE (0).wav,92.3,F# minor,11A,6
Keep It Secret - JIMII & Jetski (V1).wav,129.2,D major,10B,9
Hip Hop 8.mp3,89.1,D major,10B,6
Arza - Jumpin Out The Jet 150bpm B min.wav,76.0,F# minor,11A,6
OMNOM x SERGIK - CONTRABAND.wav,86.1,C major,8B,7
Hip Hop 5.mp3,89.1,E minor,9A,6
understood.wav,92.3,F# minor,11A,5
Fly Aliens - SERGIC x NAM x Mateo Haze.wav,123.0,F# major,2B,6
Overtime.wav,89.1,A major,11B,5
Hip Hop 12.mp3,143.6,F# minor,11A,5
Arza - Figure It Out 135bpm Gb min.wav,143.6,F# minor,11A,5
Hip Hop 13.mp3,86.1,D major,10B,6
minimal baby - Frandisco.mp3,129.2,D minor,7A,5
SPEEDBUMPSAHEAD.mp3,136.0,D major,10B,6
Equipoise (0).wav,86.1,A minor,8A,6
Instrumental Michael Crowe Mycology Series V1 - Sounds by SERGIK.wav,129.2,D minor,7A,5
Janis and The Planets - shangralalalala Dmaj 120bpm.mp3,152.0,D major,10B,6
OG Coconut - Vivid (SERGIK Master).wav,123.0,A minor,8A,5
Silent Jay x Sergik - Move Me.wav,86.1,D major,10B,9
Lodin - A Letter From Home (Unreleased).mp3,129.2,D major,10B,6
ARZA x SERGIK - The Grind.wav,129.2,C major,8B,5
DINO x SERGIK - MINIMAL.wav,129.2,F major,7B,7
remember_the_times.wav,103.4,D major,10B,6
you can fw us cd-6 edit.aif,129.2,D major,10B,7
Told Me (0).wav,78.3,E minor,9A,4
Waavy.wav,117.5,A major,11B,6
Hip Hop 6.mp3,152.0,D minor,7A,5
BENNY THE BUTCHER x 38 SPESH x JADAKISS Type Beat - Revenge.mp3,123.0,F# minor,11A,6
gaslamp district mv1.aif,92.3,A# minor,3A,6
SAFECRACKERS SAVING KIKI KYTE.mp3,117.5,A# minor,3A,7
On the Road session.mp3,86.1,B minor,10A,7
Dreaming Jet 3.mp3,129.2,D minor,7A,9
Janis and the Planets - Miel.wav,117.5,D minor,7A,6
Jazz 1 bass.mp3,123.0,F major,7B,2
Markadelic - Pattern 1 - 110 - 1.wav,92.3,D minor,7A,1
Hip Hop 10.mp3,86.1,E minor,9A,6
doors of perception.mp3,129.2,A minor,8A,5
Chasing Dreams (1).wav,123.0,A# minor,3A,5
Dreaming Jet 2.mp3,129.2,D minor,7A,9
understood (0).wav,92.3,F# minor,11A,5
6.24.24 V2.0 Smells like FUNK 114 bpm Note C.aif,112.3,C major,8B,6
4. POWER OF SNACKS.mp3,92.3,D major,10B,6
Feel Good.wav,129.2,D minor,7A,5
Try Me Mix-Down_master 2.wav,86.1,A minor,8A,7
Old Fellas - Azare Ft. JCreate 3.mp3,80.7,A major,11B,6
DOMMO - MYLOVE4U.wav,129.2,F# minor,11A,9
Optikz x SERGIK(Vips) - Crowd Control - House.wav,123.0,A minor,8A,8
Rushh.wav,123.0,B minor,10A,6
Dilon Karim - Chancellor.wav,89.1,A major,11B,5
Jetlosh - Flume Kiss.mp3,129.2,A major,11B,6
Chasing Dreams (0).wav,123.0,A# minor,3A,5
Try Me Mix-Down_master.wav,86.1,A minor,8A,7
mm chop.mp3,123.0,C minor,5A,1
jordan beat 2.mp3,83.4,D major,10B,6
Night Moon Light.mp3,86.1,C major,8B,6
Hip Hop 14.mp3,143.6,D major,10B,5
Chasing the sun to Tokyo.wav,89.1,E minor,9A,6
Dilon Karim - Hedonistic Dreams.wav,129.2,C# minor,12A,4
DISCO MELODY.wav,76.0,A minor,8A,4
JIMII x Sergik - dublin.wav,86.1,D major,10B,8
FANTASTIC DIALOG.mp3,92.3,A minor,8A,3
hip hop 15.mp3,86.1,A minor,8A,6
SERPANT 1.aif,136.0,A minor,8A,6
Optikz x SERGIK(Vips) - Crowd Control - House _ Trap.wav,86.1,D major,10B,7
Samurai Showdown (0).wav,89.1,D major,10B,6
LANDR-emodrill_153bpm-Open-High 2.mp3,86.1,B major,1B,6
01 Arza (One Word) ruff mix 1.mp3,152.0,D minor,7A,6
Mykeology Audio.wav,76.0,A minor,8A,6
Arza - Already Know 129bpm A# min.wav,117.5,F minor,4A,4
SHAKEDIT.mp3,103.4,D major,10B,8
Sunday laxing.mp3,152.0,C major,8B,5
"diablo - coco, auxlee MASTER v1122.wav",129.2,A major,11B,6
ANDINO x SERGIK - Bird Talk.wav,86.1,G major,9B,6
We Should Save - Dubba Haus.wav,129.2,A major,11B,7
Dilon Karim - Attitude (Alternate Dub) 2.wav,86.1,D major,10B,6
10A - DAY N NITE (PIERCE REMIX) V3.wav,92.3,D major,10B,6
Sean Hart x Sean Watson x Janis x SERGIK - Safespace (OG Mix).wav,136.0,F major,7B,5
Janis and The Planets - What They Saying_.wav,117.5,D major,10B,6
Mac Miller - Self Care Acapella (Vocals Only).mp3,143.6,A major,11B,5
GREEN VELVET - LAZER BEAMS (BREAUXX REMIX).mp3,86.1,D major,10B,7
hip hop 16.mp3,143.6,F# minor,11A,7
WHO R U v10.wav,86.1,D major,10B,7
8.30.24 V2.0 Tron 120 BPM Note C.aif,89.1,C major,8B,7
BABYBEMINE RIGHT NOW.mp3,112.3,A minor,8A,5
DISCO BASS A.wav,80.7,A minor,8A,3
oldfocks nu samples.mp3,80.7,D major,10B,5
Dreaming Jet 4.mp3,129.2,D minor,7A,9
plain jane xeno flip newest remaster.wav,80.7,A minor,8A,6
Janis and The Planets x SERGIK - Searching.wav,92.3,F major,7B,5
8.5.24 V2.0 groovin 120 bpm Note G.aif,86.1,D major,10B,5
Lazy Afternoon (0).wav,136.0,A minor,8A,5
Hip Hop 1.mp3,143.6,G# minor,1A,6
Dream Street (0).wav,80.7,C# minor,12A,6
5.24.24 2.0 LOVE 120 bpm A.aif,117.5,A major,11B,5
Always Constant.wav,89.1,D major,10B,7
blew up before it even started 12 smx.wav,143.6,C major,8B,6
SERPANT.aif,136.0,A minor,8A,6
01 Arza x Y2 (Prince) Prod Dame x.mp3,92.3,D minor,7A,7
Andino x SERGIK - Coming Thru 12.wav,129.2,D major,10B,6
SLAPSTICK BABY.mp3,107.7,D major,10B,6
Dont Stop FINAL.wav,129.2,D major,10B,4
Darker side of the street.mp3,123.0,B minor,10A,5
Night at the roxbury (Bass house) (Jcreate).wav,86.1,A minor,8A,6
tester - Dido - Thank You (Breauxx Remix).mp3,123.0,A major,11B,6
so here you go.wav,86.1,D major,10B,8
Lose Control ANAMORPHIC Remix V17.wav,129.2,A major,11B,7
BAGGINS - GIVING IT (Silent Jay x Sergik Remix).wav,129.2,A minor,8A,5
HOP BUNNY HOP.wav,92.3,E major,12B,7
edit mushrooms 86bpm.mp3,86.1,B minor,10A,7
versace mp3.mp3,89.1,F# minor,11A,7
"Daisy - Right Cheek, Left Cheek.mp3",143.6,A major,11B,6
SlowNMelloe.mp3,92.3,D minor,7A,6
Tenderly (0).wav,92.3,D minor,7A,6
uncertain 1st.wav,78.3,E minor,9A,6
RTB- CD-6.aif,143.6,D major,10B,7
flip the phase v3.wav,143.6,E minor,9A,5
Trip Hop 8.mp3,136.0,A# minor,3A,6
TEST.wav,117.5,D minor,7A,6
[FREE] Benny The Butcher Type Beat - 40 KEYZ.mp3,89.1,F# minor,11A,5
Kavon - Rose Colored Goggles_72bpm_R1.mp3,95.7,G# minor,1A,6
Janis and The Planets - Safespace (SERGIK Remix).wav,123.0,D minor,7A,5
ARZA - Swear Fo.mp3,92.3,F# minor,11A,6
Arza - California Dreams & Nightmares 144bpm E min.wav,143.6,E minor,9A,6
Jazzy Situation.mp3,80.7,D major,10B,6
I025_C045_080242.wav,92.3,A minor,8A,3
Feel Good (0).wav,129.2,D minor,7A,5
nsd x sergik - Get yours (Version 3).wav,117.5,F# major,2B,6
Lodin - I've Been Waitin' 2.wav,123.0,D major,10B,7
Sean Hart - ALWAYS SAFECRACKERAZ.wav,117.5,D major,10B,7
Ceemoar x Sergik - No Body.wav,86.1,D major,10B,9
Mike Crowe x SERGIK - Lifecycle Of Growth.wav,92.3,D major,10B,6
side of slapstick.wav,147.7,D major,10B,6
eta_x_Lodin_-_UP.mp3,86.1,A minor,8A,5
MARS.mp3,152.0,A minor,8A,6
today (0).wav,80.7,F major,7B,5
GOING UP SIR.wav,86.1,A minor,8A,7
HEART OF GLASS  SNARE_2.wav,129.2,B minor,10A,4
frank terry x sergik - repeat [mstr v2] (worth the weight mastering).wav,86.1,D major,10B,6
WUB V1.wav,136.0,E major,12B,6
Feel The Jam.mp3,89.1,A major,11B,4
Clowds of Color (0).wav,92.3,D minor,7A,5
ragga 110.wav,92.3,C major,8B,5
Zack Thrasher X Sergik - Sauced.wav,123.0,D minor,7A,7
Hidden World of Fungi - Michael Crowe x SERGIK.wav,136.0,A minor,8A,5
3 wise.mp3,117.5,D minor,7A,6
love me for me.mp3,117.5,A major,11B,9
Anthany Ray - Stagger (SERGIK Master).wav,136.0,A minor,8A,5
SERG x Batt - nuubee 2.wav,136.0,D major,10B,6
In The Groove - JCreate x Mewgun (0).wav,92.3,E major,12B,5
The Third (0).wav,86.1,A minor,8A,6
"Dunes of Dawn, Dilon Karim - Throwing Shade 2.mp3",136.0,D major,10B,5
shangralalalalalala   la.mp3,117.5,D minor,7A,3
Dilon Karim - Chancellor 1.wav,89.1,A major,11B,5
REMIND ME VOCAL.wav,112.3,A major,11B,5
C MAJOR W BATTLO.wav,92.3,A minor,8A,5
familyphoto - greg v1.wav,143.6,A minor,8A,6
Ease Da Mood.mp3,123.0,A major,11B,5
Auxlee x Silent Jay x SERGIK x Offmedz - Just Breathe.wav,117.5,D major,10B,6
NooD - bitch i grow v3.wav,123.0,F major,7B,5
Lodin - A Letter From Home.mp3,129.2,D major,10B,6
Me Being Subtle (0).wav,86.1,A major,11B,5
SBQTTC v3 2.wav,92.3,A minor,8A,7
Stov x SERGIK - Decomp.wav,117.5,D major,10B,7
The Third Eye.wav,143.6,F minor,4A,5
Flexing (0).wav,143.6,E minor,9A,5
womwomwom 121BPM v2.wav,86.1,A major,11B,6
slick x _ - Acid Wash.wav,123.0,A major,11B,5
Nicko Angelo - Bleep System.wav,129.2,D major,10B,5
8.23.24 V3.0  Poly Rhythm 120 BPM Note C.aif,117.5,C major,8B,5
01 robotron.mp3,86.1,A major,11B,7
03 Flirt.mp3,143.6,G major,9B,9
