project_path,project_name,parent_folder,created_time,modified_time,size_bytes,contains_sergik
/Users/machd/Music/Ableton/User Library/Templates/SERGIK Template V2.als,SERGIK Template V2,Templates,2025-02-13T18:30:51.594495,2025-02-13T18:30:51.721375,189841,True
/Users/machd/Music/Ableton/User Library/Templates/SERG 12.3-1.als,SERG 12.3-1,Templates,2025-12-04T19:04:33.890086,2025-12-04T19:04:34.820292,443715,True
/Users/machd/Music/Ableton/User Library/Templates/SERG 12.3.als,SERG 12.3,Templates,2025-11-17T22:08:05.634786,2025-11-17T22:08:05.827976,443704,True
/Users/machd/Music/Ableton/User Library/Templates/Untitled.als,Untitled,Templates,2024-07-01T14:41:13.056493,2024-07-01T14:41:14.801625,4301078,False
/Users/machd/Music/Ableton/User Library/Templates/SERGIK TEMPLATE.als,SERGIK TEMPLATE,Templates,2024-05-21T03:39:36.828786,2024-05-21T03:39:36.906566,75940,True
/Users/machd/Music/Ableton/User Library/Templates/Untitled-4.als,Untitled-4,Templates,2025-11-18T08:52:10.645440,2025-11-18T08:52:10.872553,466935,False
/Users/machd/Music/Ableton/User Library/Templates/Audio & Video Default  Project.als,Audio & Video Default  Project,Templates,2025-07-01T00:18:47.650241,2025-07-01T00:18:47.816641,246426,False
/Users/machd/Music/Ableton/User Library/Templates/Untitled-3.als,Untitled-3,Templates,2025-06-15T03:12:30.948329,2025-06-15T03:12:31.095085,214327,False
/Users/machd/Music/Ableton/User Library/Templates/Untitled-2.als,Untitled-2,Templates,2025-02-10T10:17:48.108437,2025-02-10T10:17:49.949037,5766747,False
/Users/machd/Music/Ableton/User Library/Templates/Untitled-1.als,Untitled-1,Templates,2024-12-13T01:19:27.129059,2024-12-13T01:19:27.552285,493042,False
/Users/machd/Desktop/Audio & Video Default  Project.als,Audio & Video Default  Project,Desktop,2025-11-02T06:21:45.236474,2025-11-02T06:21:45.236544,246426,False
/Users/machd/Desktop/untitled folder/DefaultLiveSet.als,DefaultLiveSet,untitled folder,2025-06-14T02:17:52.766669,2025-06-14T02:17:52.767289,3459684,False
/Users/machd/Desktop/Random Music Stuff/SERGIK x OG Coconut - Do It Project/SERGIK x OG Coconut - Do It.als,SERGIK x OG Coconut - Do It,SERGIK x OG Coconut - Do It Project,2024-06-11T04:28:07.221590,2024-06-11T04:28:07.894450,1602141,True
/Users/machd/Desktop/Random Music Stuff/SERGIK x OG Coconut - Do It Project/Backup/SERGIK x OG Coconut - Do It [2024-06-11 040942].als,SERGIK x OG Coconut - Do It [2024-06-11 040942],Backup,2024-06-11T02:31:13.540695,2024-06-11T02:31:14.237441,1600449,True
/Users/machd/Desktop/Random Music Stuff/SERGIK x OG Coconut - Do It Project/Backup/SERGIK x OG Coconut - Do It [2024-06-11 042807].als,SERGIK x OG Coconut - Do It [2024-06-11 042807],Backup,2024-06-11T04:09:42.091137,2024-06-11T04:09:42.788109,1602242,True
/Users/machd/Desktop/Ableton Crash Report 2025-06-14 021753 Live 12.1.11/Preferences/BaseFiles/SERGIK Template V2.als,SERGIK Template V2,BaseFiles,2022-11-30T20:50:34,2022-11-30T20:50:34,189841,True
/Users/machd/Desktop/Ableton Crash Report 2025-06-14 021753 Live 12.1.11/Preferences/BaseFiles/SERGIK - Dandy.als,SERGIK - Dandy,BaseFiles,2022-11-30T20:50:34,2022-11-30T20:50:34,3459684,True
/Users/machd/Desktop/untitled folder 2/NEW DISCO.als,NEW DISCO,untitled folder 2,2025-07-18T00:12:50.880287,2025-07-18T00:12:50.880571,25801,False
/Users/machd/Desktop/untitled folder 2/Backup/NEW DISCO [2025-07-17 232324].als,NEW DISCO [2025-07-17 232324],Backup,1980-01-01T00:00:00,1980-01-01T00:00:00,25775,False
/Users/machd/Desktop/untitled folder 2/Backup/NEW DISCO [2025-07-17 232140].als,NEW DISCO [2025-07-17 232140],Backup,1980-01-01T00:00:00,1980-01-01T00:00:00,25743,False
/Users/machd/Desktop/SLAPSTICK Project/SLAPSTICK 1.als,SLAPSTICK 1,SLAPSTICK Project,2025-06-28T03:51:48.159199,2025-06-28T03:51:48.434199,766715,False
/Users/machd/Desktop/SLAPSTICK Project/SLAPSTICK.als,SLAPSTICK,SLAPSTICK Project,2025-06-27T01:29:36.090000,2025-06-01T04:41:06,762788,False
/Users/machd/Desktop/SLAPSTICK Project/Backup/SLAPSTICK [2025-06-01 044103].als,SLAPSTICK [2025-06-01 044103],Backup,2025-06-27T01:29:36.440000,2025-05-31T01:17:14,762788,False
/Users/machd/Desktop/SLAPSTICK Project/Backup/SLAPSTICK [2025-05-31 011710].als,SLAPSTICK [2025-05-31 011710],Backup,2025-06-27T01:29:36.360000,2025-05-31T01:17:04,763355,False
/Users/machd/Desktop/FEATHER ON THE FLY WHEEL/FEATHER FLY WHEEL Project/FEATHER FLY WHEEL.als,FEATHER FLY WHEEL,FEATHER FLY WHEEL Project,2025-06-27T23:33:30.560000,2025-06-27T23:33:30.980000,236315,False
/Users/machd/Desktop/FEATHER ON THE FLY WHEEL/FEATHER FLY WHEEL Project/FEATHER FLY WHEEL (SERGIKFIED).als,FEATHER FLY WHEEL (SERGIKFIED),FEATHER FLY WHEEL Project,2025-06-28T03:22:10.035394,2025-06-28T03:22:10.196604,288240,True
/Users/machd/Desktop/FEATHER ON THE FLY WHEEL/FEATHER FLY WHEEL Project/Backup/FEATHER FLY WHEEL [2025-06-27 233330].als,FEATHER FLY WHEEL [2025-06-27 233330],Backup,2025-06-27T23:25:43.950000,2025-06-27T23:25:44.350000,237561,False
/Users/machd/Desktop/FEATHER ON THE FLY WHEEL/FEATHER FLY WHEEL Project/Backup/FEATHER FLY WHEEL [2025-06-15 002243].als,FEATHER FLY WHEEL [2025-06-15 002243],Backup,2025-06-14T23:50:55.590000,2025-06-14T23:50:58.780000,230776,False
/Users/machd/Desktop/FEATHER ON THE FLY WHEEL/FEATHER FLY WHEEL Project/Backup/FEATHER FLY WHEEL [2025-06-15 020220].als,FEATHER FLY WHEEL [2025-06-15 020220],Backup,2025-06-15T00:22:43.920000,2025-06-15T00:22:45.180000,236733,False
/Users/machd/Desktop/FEATHER ON THE FLY WHEEL/FEATHER FLY WHEEL Project/Backup/FEATHER FLY WHEEL [2025-06-22 024900].als,FEATHER FLY WHEEL [2025-06-22 024900],Backup,2025-06-20T19:16:44.910000,2025-06-20T19:16:45.480000,268922,False
/Users/machd/Desktop/FEATHER ON THE FLY WHEEL/FEATHER FLY WHEEL Project/Backup/FEATHER FLY WHEEL (SERGIKFIED) [2025-06-28 032210].als,FEATHER FLY WHEEL (SERGIKFIED) [2025-06-28 032210],Backup,2025-06-28T03:19:36.401314,2025-06-28T03:19:36.580064,288306,True
/Users/machd/Desktop/FEATHER ON THE FLY WHEEL/FEATHER FLY WHEEL Project/Backup/FEATHER FLY WHEEL [2025-06-19 234313].als,FEATHER FLY WHEEL [2025-06-19 234313],Backup,2025-06-19T23:42:03.630000,2025-06-19T23:42:04.070000,268950,False
/Users/machd/Desktop/FEATHER ON THE FLY WHEEL/FEATHER FLY WHEEL Project/Backup/FEATHER FLY WHEEL [2025-06-20 191644].als,FEATHER FLY WHEEL [2025-06-20 191644],Backup,2025-06-19T23:43:13.330000,2025-06-19T23:43:13.860000,268939,False
/Users/machd/Desktop/FEATHER ON THE FLY WHEEL/FEATHER FLY WHEEL Project/Backup/FEATHER FLY WHEEL [2025-06-17 154251].als,FEATHER FLY WHEEL [2025-06-17 154251],Backup,2025-06-15T02:02:20.580000,2025-06-15T02:02:21.130000,253641,False
/Users/machd/Desktop/FEATHER ON THE FLY WHEEL/FEATHER FLY WHEEL Project/Backup/FEATHER FLY WHEEL [2025-06-26 234440].als,FEATHER FLY WHEEL [2025-06-26 234440],Backup,2025-06-22T02:49:00.180000,2025-06-22T02:49:00.610000,268919,False
/Users/machd/Desktop/FEATHER ON THE FLY WHEEL/FEATHER FLY WHEEL Project/Backup/FEATHER FLY WHEEL [2025-06-19 234203].als,FEATHER FLY WHEEL [2025-06-19 234203],Backup,2025-06-17T15:42:51.370000,2025-06-17T15:42:51.780000,260274,False
/Users/machd/Desktop/FEATHER ON THE FLY WHEEL/FEATHER FLY WHEEL Project/Backup/FEATHER FLY WHEEL [2025-06-27 232543].als,FEATHER FLY WHEEL [2025-06-27 232543],Backup,2025-06-26T23:44:40.330000,2025-06-26T23:44:40.760000,269381,False
/Users/machd/Downloads/BAGGINS - GIVING IT (Silent Jay x Sergik Remix).als,BAGGINS - GIVING IT (Silent Jay x Sergik Remix),Downloads,2025-04-12T05:51:39,2025-04-12T05:51:39,1566252,True
/Users/machd/Downloads/SERGIK - Yee Bwoyyy 3.als,SERGIK - Yee Bwoyyy 3,Downloads,2025-10-25T01:57:22,2025-10-25T01:57:22,676272,True
/Users/machd/Downloads/SERGIK - Yee Bwoyyy 2.als,SERGIK - Yee Bwoyyy 2,Downloads,2025-10-25T01:57:22,2025-10-25T01:57:22,676272,True
/Users/machd/Downloads/SERGIK - Yee Bwoyyy.als,SERGIK - Yee Bwoyyy,Downloads,2025-10-25T01:57:22,2025-10-25T01:57:22,676272,True
/Users/machd/Downloads/20-CS-80 V3.als,20-CS-80 V3,Downloads,2025-01-01T23:17:04,2025-01-01T23:17:04,81462,False
/Users/machd/Downloads/SERGIK - Yee Bwoyyy 4.als,SERGIK - Yee Bwoyyy 4,Downloads,2025-10-25T01:57:22,2025-10-25T01:57:22,676272,True
/Users/machd/Downloads/SSSSSSSSS/SSSSSSS Project/SSSSSSS.als,SSSSSSS,SSSSSSS Project,2025-07-12T02:28:42,2025-07-12T02:28:42,222556,False
/Users/machd/Downloads/SSSSSSSSS/SSSSSSS Project/Backup/SSSSSSS [2025-07-12 021514].als,SSSSSSS [2025-07-12 021514],Backup,2025-07-12T02:15:07,2025-07-12T02:15:07,222556,False
/Users/machd/Downloads/SSSSSSSSS/SSSSSSS Project/Backup/SSSSSSS [2025-07-10 050510].als,SSSSSSS [2025-07-10 050510],Backup,2025-07-10T05:04:59,2025-07-10T05:04:59,213684,False
/Users/machd/Downloads/SSSSSSSSS/SSSSSSS Project/Backup/SSSSSSS [2025-07-10 050459].als,SSSSSSS [2025-07-10 050459],Backup,2025-07-09T05:07:29,2025-07-09T05:07:29,325864,False
/Users/machd/Downloads/SSSSSSSSS/SSSSSSS Project/Backup/SSSSSSS [2025-07-11 192139].als,SSSSSSS [2025-07-11 192139],Backup,2025-07-10T05:05:12,2025-07-10T05:05:12,213669,False
/Users/machd/Downloads/SSSSSSSSS/SSSSSSS Project/Backup/SSSSSSS [2025-07-12 021506].als,SSSSSSS [2025-07-12 021506],Backup,2025-07-11T22:24:00,2025-07-11T22:24:00,214563,False
/Users/machd/Downloads/SSSSSSSSS/SSSSSSS Project/Backup/SSSSSSS [2025-07-09 050728].als,SSSSSSS [2025-07-09 050728],Backup,2025-07-09T05:07:20,2025-07-09T05:07:20,325845,False
/Users/machd/Downloads/SSSSSSSSS/SSSSSSS Project/Backup/SSSSSSS [2025-07-11 222359].als,SSSSSSS [2025-07-11 222359],Backup,2025-07-11T19:21:40,2025-07-11T19:21:40,213888,False
/Users/machd/Downloads/SSSSSSSSS/SSSSSSS Project/Backup/SSSSSSS [2025-07-12 022842].als,SSSSSSS [2025-07-12 022842],Backup,2025-07-12T02:15:15,2025-07-12T02:15:15,222548,False
/Users/machd/Downloads/makes sense Project/makes sense.als,makes sense,makes sense Project,2025-06-06T10:26:25,2025-06-06T10:26:25,761865,False
/Users/machd/Downloads/makes sense Project/Backup/makes sense [2025-06-01 234446].als,makes sense [2025-06-01 234446],Backup,2025-06-01T23:41:22,2025-06-01T23:41:22,695471,False
/Users/machd/Downloads/makes sense Project/Backup/makes sense [2025-06-01 234118].als,makes sense [2025-06-01 234118],Backup,2025-06-01T23:40:18,2025-06-01T23:40:18,661433,False
/Users/machd/Downloads/makes sense Project/Backup/makes sense [2025-06-02 000308].als,makes sense [2025-06-02 000308],Backup,2025-06-01T23:56:06,2025-06-01T23:56:06,746129,False
/Users/machd/Downloads/makes sense Project/Backup/makes sense [2025-06-06 102624].als,makes sense [2025-06-06 102624],Backup,2025-06-02T00:03:10,2025-06-02T00:03:10,761625,False
/Users/machd/Downloads/makes sense Project/Backup/makes sense [2025-06-01 235604].als,makes sense [2025-06-01 235604],Backup,2025-06-01T23:45:02,2025-06-01T23:45:02,696864,False
/Users/machd/Downloads/MH Vennano - 01172025  Project/MH Vennano - 01172025 .als,MH Vennano - 01172025 ,MH Vennano - 01172025  Project,2025-01-21T20:39:16,2025-01-21T20:39:16,312108,False
/Users/machd/Downloads/MH Vennano - 01172025  Project/Backup/MH Vennano - 01172025  [2025-01-21 203916].als,MH Vennano - 01172025  [2025-01-21 203916],Backup,2025-01-21T20:39:12,2025-01-21T20:39:12,312040,False
/Users/machd/Downloads/bros airdrop broken Project/bros airdrop broken.als,bros airdrop broken,bros airdrop broken Project,2024-12-13T03:54:49.951456,2024-12-13T03:54:50.558643,759905,False
/Users/machd/Downloads/bros airdrop broken Project/Backup/bros airdrop broken [2024-12-13 033306].als,bros airdrop broken [2024-12-13 033306],Backup,2024-12-13T03:27:59.568569,2024-12-13T03:28:00.092064,712904,False
/Users/machd/Downloads/bros airdrop broken Project/Backup/bros airdrop broken [2024-12-13 020043].als,bros airdrop broken [2024-12-13 020043],Backup,2024-12-13T01:19:33.183359,2024-12-13T01:19:33.721265,493080,False
/Users/machd/Downloads/bros airdrop broken Project/Backup/bros airdrop broken [2024-12-13 034938].als,bros airdrop broken [2024-12-13 034938],Backup,2024-12-13T03:43:26.785209,2024-12-13T03:43:27.397094,759316,False
/Users/machd/Downloads/bros airdrop broken Project/Backup/bros airdrop broken [2024-12-13 035449].als,bros airdrop broken [2024-12-13 035449],Backup,2024-12-13T03:49:38.447721,2024-12-13T03:49:39.047554,759579,False
/Users/machd/Downloads/bros airdrop broken Project/Backup/bros airdrop broken [2024-12-13 032724].als,bros airdrop broken [2024-12-13 032724],Backup,2024-12-13T02:46:23.541487,2024-12-13T02:46:23.985939,636140,False
/Users/machd/Downloads/bros airdrop broken Project/Backup/bros airdrop broken [2024-12-13 034326].als,bros airdrop broken [2024-12-13 034326],Backup,2024-12-13T03:33:06.637000,2024-12-13T03:33:08.482434,750012,False
/Users/machd/Downloads/bros airdrop broken Project/Backup/bros airdrop broken [2024-12-13 023553].als,bros airdrop broken [2024-12-13 023553],Backup,2024-12-13T02:00:43.671705,2024-12-13T02:00:44.191116,578800,False
/Users/machd/Downloads/bros airdrop broken Project/Backup/bros airdrop broken [2024-12-13 024619].als,bros airdrop broken [2024-12-13 024619],Backup,2024-12-13T02:35:53.294311,2024-12-13T02:35:54.849530,625906,False
/Users/machd/Downloads/bros airdrop broken Project/Backup/bros airdrop broken [2024-12-13 024623].als,bros airdrop broken [2024-12-13 024623],Backup,2024-12-13T02:46:19.417542,2024-12-13T02:46:19.869040,623932,False
/Users/machd/Downloads/bros airdrop broken Project/Backup/bros airdrop broken [2024-12-13 032759].als,bros airdrop broken [2024-12-13 032759],Backup,2024-12-13T03:27:25.004105,2024-12-13T03:27:26.807373,712569,False
/Users/machd/Downloads/MESSAGES EDIT Project/MESSAGES EDIT.als,MESSAGES EDIT,MESSAGES EDIT Project,2025-03-26T00:31:44,2025-03-26T00:31:44,71347,False
/Users/machd/Downloads/MESSAGES EDIT Project/Backup/MESSAGES EDIT [2025-03-26 003144].als,MESSAGES EDIT [2025-03-26 003144],Backup,2025-03-26T00:31:37,2025-03-26T00:31:37,71299,False
/Users/machd/Downloads/SSSSSSS Project 3/SSSSSSS.als,SSSSSSS,SSSSSSS Project 3,2025-07-12T14:04:28.772138,2025-07-12T14:04:29.526030,1316614,False
/Users/machd/Downloads/SSSSSSS Project 3/SSSSSSS 2.als,SSSSSSS 2,SSSSSSS Project 3,2025-07-12T10:34:36.684170,2025-07-12T10:34:36.684289,263938,False
/Users/machd/Downloads/SSSSSSS Project 3/Backup/SSSSSSS [2025-07-12 114241].als,SSSSSSS [2025-07-12 114241],Backup,2025-07-12T08:22:09.457693,2025-07-12T08:22:09.635669,263938,False
/Users/machd/Downloads/SSSSSSS Project 3/Backup/SSSSSSS [2025-07-12 115723].als,SSSSSSS [2025-07-12 115723],Backup,2025-07-12T11:51:15.447568,2025-07-12T11:51:15.619601,294055,False
/Users/machd/Downloads/SSSSSSS Project 3/Backup/SSSSSSS [2025-07-12 115754].als,SSSSSSS [2025-07-12 115754],Backup,2025-07-12T11:57:23.805355,2025-07-12T11:57:23.983371,294178,False
/Users/machd/Downloads/SSSSSSS Project 3/Backup/SSSSSSS [2025-07-12 133929].als,SSSSSSS [2025-07-12 133929],Backup,2025-07-12T13:32:32.973210,2025-07-12T13:32:33.593205,1171553,False
/Users/machd/Downloads/SSSSSSS Project 3/Backup/SSSSSSS [2025-07-12 115115].als,SSSSSSS [2025-07-12 115115],Backup,2025-07-12T11:42:41.131442,2025-07-12T11:42:41.305134,293939,False
/Users/machd/Downloads/SSSSSSS Project 3/Backup/SSSSSSS [2025-07-12 050648].als,SSSSSSS [2025-07-12 050648],Backup,2025-07-12T03:20:02,2025-07-12T03:20:02,234415,False
/Users/machd/Downloads/SSSSSSS Project 3/Backup/SSSSSSS [2025-07-12 133232].als,SSSSSSS [2025-07-12 133232],Backup,2025-07-12T11:57:54.193190,2025-07-12T11:57:54.374812,294266,False
/Users/machd/Downloads/SSSSSSS Project 3/Backup/SSSSSSS [2025-07-12 140428].als,SSSSSSS [2025-07-12 140428],Backup,2025-07-12T13:39:30.019438,2025-07-12T13:39:30.702230,1198997,False
/Users/machd/Downloads/SSSSSSS Project 3/Backup/SSSSSSS [2025-07-12 051136].als,SSSSSSS [2025-07-12 051136],Backup,2025-07-12T05:06:49,2025-07-12T05:06:49,264515,False
/Users/machd/Downloads/SSSSSSS Project 3/Backup/SSSSSSS [2025-07-12 082209].als,SSSSSSS [2025-07-12 082209],Backup,2025-07-12T05:11:37,2025-07-12T05:11:37,264528,False
/Users/machd/Downloads/Slick Floyd x SERGIK x Silent Jay - The Dudes Project/Slick Floyd x SERGIK x Silent Jay - Sonic Movement FINAL.als,Slick Floyd x SERGIK x Silent Jay - Sonic Movement FINAL,Slick Floyd x SERGIK x Silent Jay - The Dudes Project,2025-04-26T06:20:06,2025-04-26T06:20:06,2431947,True
/Users/machd/Downloads/Slick Floyd x SERGIK x Silent Jay - The Dudes Project/Slick Floyd x SERGIK x Silent Jay - Sonic Movement.als,Slick Floyd x SERGIK x Silent Jay - Sonic Movement,Slick Floyd x SERGIK x Silent Jay - The Dudes Project,2025-04-26T04:55:56,2025-04-26T04:55:56,2191300,True
/Users/machd/Downloads/Slick Floyd x SERGIK x Silent Jay - The Dudes Project/Slick Floyd x SERGIK x Silent Jay - The Dudes.als,Slick Floyd x SERGIK x Silent Jay - The Dudes,Slick Floyd x SERGIK x Silent Jay - The Dudes Project,2025-04-26T04:48:34,2025-04-26T04:48:34,1860343,True
/Users/machd/Downloads/Slick Floyd x SERGIK x Silent Jay - The Dudes Project/Backup/Slick Floyd x SERGIK x Silent Jay - The Dudes [2025-04-26 044833].als,Slick Floyd x SERGIK x Silent Jay - The Dudes [2025-04-26 044833],Backup,2025-04-26T03:26:31,2025-04-26T03:26:31,1818697,True
/Users/machd/Downloads/Slick Floyd x SERGIK x Silent Jay - The Dudes Project/Backup/Slick Floyd x SERGIK x Silent Jay - Sonic Movement FINAL [2025-04-26 062003].als,Slick Floyd x SERGIK x Silent Jay - Sonic Movement FINAL [2025-04-26 062003],Backup,2025-04-26T06:12:29,2025-04-26T06:12:29,1561930,True
/Users/machd/Downloads/Slick Floyd x SERGIK x Silent Jay - The Dudes Project/Backup/Slick Floyd x SERGIK x Silent Jay - Sonic Movement FINAL [2025-04-26 061228].als,Slick Floyd x SERGIK x Silent Jay - Sonic Movement FINAL [2025-04-26 061228],Backup,2025-04-26T06:00:18,2025-04-26T06:00:18,1984234,True
/Users/machd/Downloads/Slick Floyd x SERGIK x Silent Jay - The Dudes Project/Backup/Slick Floyd x SERGIK x Silent Jay - The Dudes [2025-04-26 031357].als,Slick Floyd x SERGIK x Silent Jay - The Dudes [2025-04-26 031357],Backup,2025-04-26T02:36:06,2025-04-26T02:36:06,1206933,True
/Users/machd/Downloads/Slick Floyd x SERGIK x Silent Jay - The Dudes Project/Backup/Slick Floyd x SERGIK x Silent Jay - The Dudes [2025-04-26 032628].als,Slick Floyd x SERGIK x Silent Jay - The Dudes [2025-04-26 032628],Backup,2025-04-26T03:13:58,2025-04-26T03:13:58,1224222,True
/Users/machd/Downloads/Slick Floyd x SERGIK x Silent Jay - The Dudes Project/Backup/Slick Floyd x SERGIK x Silent Jay - The Dudes [2025-04-26 023605].als,Slick Floyd x SERGIK x Silent Jay - The Dudes [2025-04-26 023605],Backup,2025-04-26T00:10:55,2025-04-26T00:10:55,1169799,True
/Users/machd/Downloads/Slick Floyd x SERGIK x Silent Jay - The Dudes Project/Backup/Slick Floyd x SERGIK x Silent Jay - Sonic Movement FINAL [2025-04-26 060017].als,Slick Floyd x SERGIK x Silent Jay - Sonic Movement FINAL [2025-04-26 060017],Backup,2025-04-26T05:42:22,2025-04-26T05:42:22,2051554,True
/Users/machd/Downloads/SSSSSSS Project 2/SSSSSSS.als,SSSSSSS,SSSSSSS Project 2,2025-07-12T05:06:49,2025-07-12T05:06:49,264515,False
/Users/machd/Downloads/SSSSSSS Project 2/Backup/SSSSSSS [2025-07-12 021514].als,SSSSSSS [2025-07-12 021514],Backup,2025-07-12T02:15:07,2025-07-12T02:15:07,222556,False
/Users/machd/Downloads/SSSSSSS Project 2/Backup/SSSSSSS [2025-07-12 031715].als,SSSSSSS [2025-07-12 031715],Backup,2025-07-12T03:15:20,2025-07-12T03:15:20,234384,False
/Users/machd/Downloads/SSSSSSS Project 2/Backup/SSSSSSS [2025-07-11 192139].als,SSSSSSS [2025-07-11 192139],Backup,2025-07-10T05:05:12,2025-07-10T05:05:12,213669,False
/Users/machd/Downloads/SSSSSSS Project 2/Backup/SSSSSSS [2025-07-12 031942].als,SSSSSSS [2025-07-12 031942],Backup,2025-07-12T03:17:16,2025-07-12T03:17:16,234425,False
/Users/machd/Downloads/SSSSSSS Project 2/Backup/SSSSSSS [2025-07-12 050648].als,SSSSSSS [2025-07-12 050648],Backup,2025-07-12T03:20:02,2025-07-12T03:20:02,234415,False
/Users/machd/Downloads/SSSSSSS Project 2/Backup/SSSSSSS [2025-07-12 021506].als,SSSSSSS [2025-07-12 021506],Backup,2025-07-11T22:24:00,2025-07-11T22:24:00,214563,False
/Users/machd/Downloads/SSSSSSS Project 2/Backup/SSSSSSS [2025-07-12 032002].als,SSSSSSS [2025-07-12 032002],Backup,2025-07-12T03:19:43,2025-07-12T03:19:43,234434,False
/Users/machd/Downloads/SSSSSSS Project 2/Backup/SSSSSSS [2025-07-12 031520].als,SSSSSSS [2025-07-12 031520],Backup,2025-07-12T02:28:42,2025-07-12T02:28:42,222556,False
/Users/machd/Downloads/SSSSSSS Project 2/Backup/SSSSSSS [2025-07-11 222359].als,SSSSSSS [2025-07-11 222359],Backup,2025-07-11T19:21:40,2025-07-11T19:21:40,213888,False
/Users/machd/Downloads/SSSSSSS Project 2/Backup/SSSSSSS [2025-07-12 022842].als,SSSSSSS [2025-07-12 022842],Backup,2025-07-12T02:15:15,2025-07-12T02:15:15,222548,False
/Users/machd/Downloads/bitch i grow v2 Project/NooD - bitch i grow v2.als,NooD - bitch i grow v2,bitch i grow v2 Project,2025-01-01T11:43:47.377039,2025-01-01T11:43:48.048597,930651,False
/Users/machd/Downloads/bitch i grow v2 Project/bitch i grow v2.als,bitch i grow v2,bitch i grow v2 Project,2025-01-01T11:30:09.275994,2025-01-01T11:30:09.942037,930515,False
/Users/machd/Downloads/bitch i grow v2 Project/Backup/bitch i grow v2 [2024-12-15 214854].als,bitch i grow v2 [2024-12-15 214854],Backup,2024-12-15T21:46:12,2024-12-15T21:46:12,817672,False
/Users/machd/Downloads/bitch i grow v2 Project/Backup/bitch i grow v2 [2025-01-01 112513].als,bitch i grow v2 [2025-01-01 112513],Backup,2025-01-01T11:24:22.972536,2025-01-01T11:24:23.647267,930745,False
/Users/machd/Downloads/bitch i grow v2 Project/Backup/bitch i grow v2 [2024-12-15 215146].als,bitch i grow v2 [2024-12-15 215146],Backup,2024-12-15T21:48:54,2024-12-15T21:48:54,817377,False
/Users/machd/Downloads/bitch i grow v2 Project/Backup/bitch i grow v2 [2024-12-15 214608].als,bitch i grow v2 [2024-12-15 214608],Backup,2024-12-15T21:45:05,2024-12-15T21:45:05,821215,False
/Users/machd/Downloads/bitch i grow v2 Project/Backup/bitch i grow v2 [2025-01-01 112110].als,bitch i grow v2 [2025-01-01 112110],Backup,2024-12-15T21:51:47,2024-12-15T21:51:47,817454,False
/Users/machd/Downloads/bitch i grow v2 Project/Backup/bitch i grow v2 [2025-01-01 113009].als,bitch i grow v2 [2025-01-01 113009],Backup,2025-01-01T11:25:13.605302,2025-01-01T11:25:14.273781,930647,False
/Users/machd/Downloads/bitch i grow v2 Project/Backup/bitch i grow v2 [2025-01-01 112422].als,bitch i grow v2 [2025-01-01 112422],Backup,2025-01-01T11:21:10.038240,2025-01-01T11:21:10.705942,930653,False
/Users/machd/Downloads/bitch i grow v2 Project/Backup/NooD - bitch i grow v2 [2025-01-01 114347].als,NooD - bitch i grow v2 [2025-01-01 114347],Backup,2025-01-01T11:30:54.975811,2025-01-01T11:30:55.634130,930568,False
/Users/machd/Downloads/untitled folder 2/NEW DISCO.als,NEW DISCO,untitled folder 2,2025-07-18T00:12:50.880287,2025-07-18T00:12:50.880571,25801,False
/Users/machd/Downloads/untitled folder 2/Backup/NEW DISCO [2025-07-17 232324].als,NEW DISCO [2025-07-17 232324],Backup,1980-01-01T00:00:00,1980-01-01T00:00:00,25775,False
/Users/machd/Downloads/untitled folder 2/Backup/NEW DISCO [2025-07-17 232140].als,NEW DISCO [2025-07-17 232140],Backup,1980-01-01T00:00:00,1980-01-01T00:00:00,25743,False
/Users/machd/Downloads/3 wise men/3 wise Project/3 wise.als,3 wise,3 wise Project,2025-11-14T06:08:04.827833,2025-11-14T06:08:05.061651,392584,False
/Users/machd/Downloads/3 wise men/3 wise Project/Backup/3 wise [2025-11-11 041047].als,3 wise [2025-11-11 041047],Backup,2025-11-11T04:10:38,2025-11-11T04:10:38,392322,False
/Users/machd/Downloads/3 wise men/3 wise Project/Backup/3 wise [2025-11-14 060804].als,3 wise [2025-11-14 060804],Backup,2025-11-11T04:10:48,2025-11-11T04:10:48,392378,False
/Users/machd/Downloads/3 wise men/3 wise Project/Backup/3 wise [2025-11-11 041037].als,3 wise [2025-11-11 041037],Backup,2025-11-11T03:32:39,2025-11-11T03:32:39,373599,False
/Users/machd/Downloads/send to sergik Project/send to sergik.als,send to sergik,send to sergik Project,2025-01-11T10:20:37,2025-01-11T10:20:37,366009,True
/Users/machd/Downloads/trippin Hard Project/trippin Hard.als,trippin Hard,trippin Hard Project,2025-08-20T23:50:54.447555,2025-08-20T23:50:55.151670,922700,False
/Users/machd/Downloads/trippin Hard Project/Backup/trippin Hard [2025-08-20 234659].als,trippin Hard [2025-08-20 234659],Backup,2025-08-20T23:46:44.313878,2025-08-20T23:46:45.014060,923577,False
/Users/machd/Downloads/trippin Hard Project/Backup/trippin Hard [2025-08-20 233216].als,trippin Hard [2025-08-20 233216],Backup,2025-08-20T23:30:59.293316,2025-08-20T23:30:59.959919,905385,False
/Users/machd/Downloads/trippin Hard Project/Backup/trippin Hard [2025-08-20 234628].als,trippin Hard [2025-08-20 234628],Backup,2025-08-20T23:42:01.445751,2025-08-20T23:42:02.117660,894784,False
/Users/machd/Downloads/trippin Hard Project/Backup/trippin Hard [2025-08-20 235054].als,trippin Hard [2025-08-20 235054],Backup,2025-08-20T23:47:49.073766,2025-08-20T23:47:49.763126,922838,False
/Users/machd/Downloads/trippin Hard Project/Backup/trippin Hard [2025-08-20 234644].als,trippin Hard [2025-08-20 234644],Backup,2025-08-20T23:46:28.091800,2025-08-20T23:46:28.782796,923619,False
/Users/machd/Downloads/trippin Hard Project/Backup/trippin Hard [2025-08-20 234201].als,trippin Hard [2025-08-20 234201],Backup,2025-08-20T23:32:52.280195,2025-08-20T23:32:52.939100,905727,False
/Users/machd/Downloads/trippin Hard Project/Backup/trippin Hard [2025-08-20 233252].als,trippin Hard [2025-08-20 233252],Backup,2025-08-20T23:32:16.988603,2025-08-20T23:32:17.656863,905691,False
/Users/machd/Downloads/trippin Hard Project/Backup/trippin Hard [2025-08-20 234719].als,trippin Hard [2025-08-20 234719],Backup,2025-08-20T23:46:59.653267,2025-08-20T23:47:01.213632,922699,False
/Users/machd/Downloads/trippin Hard Project/Backup/trippin Hard [2025-08-20 234749].als,trippin Hard [2025-08-20 234749],Backup,2025-08-20T23:47:19.052217,2025-08-20T23:47:19.751454,922709,False
/Users/machd/Downloads/trippin Hard Project/Backup/trippin Hard [2025-08-20 233059].als,trippin Hard [2025-08-20 233059],Backup,2025-08-20T23:28:57.078825,2025-08-20T23:28:57.736941,903865,False
/Users/machd/Downloads/SSSSSSS Project/SSSSSSS.als,SSSSSSS,SSSSSSS Project,2025-07-12T03:20:02,2025-07-12T03:20:02,234415,False
/Users/machd/Downloads/SSSSSSS Project/Backup/SSSSSSS [2025-07-12 021514].als,SSSSSSS [2025-07-12 021514],Backup,2025-07-12T02:15:07,2025-07-12T02:15:07,222556,False
/Users/machd/Downloads/SSSSSSS Project/Backup/SSSSSSS [2025-07-10 050510].als,SSSSSSS [2025-07-10 050510],Backup,2025-07-10T05:04:59,2025-07-10T05:04:59,213684,False
/Users/machd/Downloads/SSSSSSS Project/Backup/SSSSSSS [2025-07-12 031715].als,SSSSSSS [2025-07-12 031715],Backup,2025-07-12T03:15:20,2025-07-12T03:15:20,234384,False
/Users/machd/Downloads/SSSSSSS Project/Backup/SSSSSSS [2025-07-11 192139].als,SSSSSSS [2025-07-11 192139],Backup,2025-07-10T05:05:12,2025-07-10T05:05:12,213669,False
/Users/machd/Downloads/SSSSSSS Project/Backup/SSSSSSS [2025-07-12 031942].als,SSSSSSS [2025-07-12 031942],Backup,2025-07-12T03:17:16,2025-07-12T03:17:16,234425,False
/Users/machd/Downloads/SSSSSSS Project/Backup/SSSSSSS [2025-07-12 021506].als,SSSSSSS [2025-07-12 021506],Backup,2025-07-11T22:24:00,2025-07-11T22:24:00,214563,False
/Users/machd/Downloads/SSSSSSS Project/Backup/SSSSSSS [2025-07-12 032002].als,SSSSSSS [2025-07-12 032002],Backup,2025-07-12T03:19:43,2025-07-12T03:19:43,234434,False
/Users/machd/Downloads/SSSSSSS Project/Backup/SSSSSSS [2025-07-12 031520].als,SSSSSSS [2025-07-12 031520],Backup,2025-07-12T02:28:42,2025-07-12T02:28:42,222556,False
/Users/machd/Downloads/SSSSSSS Project/Backup/SSSSSSS [2025-07-11 222359].als,SSSSSSS [2025-07-11 222359],Backup,2025-07-11T19:21:40,2025-07-11T19:21:40,213888,False
/Users/machd/Downloads/SSSSSSS Project/Backup/SSSSSSS [2025-07-12 022842].als,SSSSSSS [2025-07-12 022842],Backup,2025-07-12T02:15:15,2025-07-12T02:15:15,222548,False
/Users/machd/Downloads/Ketastrophy Project/Moving Right Along - Finally.als,Moving Right Along - Finally,Ketastrophy Project,2024-04-17T02:17:31,2024-04-17T02:17:31,411001,False
/Users/machd/Downloads/Ketastrophy Project/Ketastrophy.als,Ketastrophy,Ketastrophy Project,2024-04-17T23:53:47,2024-04-17T23:53:47,1594711,False
/Users/machd/Downloads/Ketastrophy Project/Backup/Ketastrophy [2024-04-17 000232].als,Ketastrophy [2024-04-17 000232],Backup,2024-04-16T02:44:24,2024-04-16T02:44:24,1507089,False
/Users/machd/Downloads/Ketastrophy Project/Backup/Ketastrophy [2024-04-17 235021].als,Ketastrophy [2024-04-17 235021],Backup,2024-04-17T12:48:29,2024-04-17T12:48:29,1547655,False
/Users/machd/Downloads/Ketastrophy Project/Backup/Ketastrophy [2024-04-17 235345].als,Ketastrophy [2024-04-17 235345],Backup,2024-04-17T23:50:23,2024-04-17T23:50:23,1594828,False
/Users/machd/Downloads/Ketastrophy Project/Backup/Ketastrophy [2024-04-17 011346].als,Ketastrophy [2024-04-17 011346],Backup,2024-04-17T00:45:39,2024-04-17T00:45:39,1527802,False
/Users/machd/Downloads/Ketastrophy Project/Backup/Ketastrophy [2024-04-17 124828].als,Ketastrophy [2024-04-17 124828],Backup,2024-04-17T12:39:39,2024-04-17T12:39:39,1544906,False
/Users/machd/Downloads/Ketastrophy Project/Backup/Ketastrophy [2024-04-17 022325].als,Ketastrophy [2024-04-17 022325],Backup,2024-04-17T01:13:48,2024-04-17T01:13:48,1531719,False
/Users/machd/Downloads/Ketastrophy Project/Backup/Moving Right Along - Finally [2024-04-16 020743].als,Moving Right Along - Finally [2024-04-16 020743],Backup,2024-04-16T01:02:10,2024-04-16T01:02:10,203186,False
/Users/machd/Downloads/Ketastrophy Project/Backup/Moving Right Along - Finally [2024-04-17 021730].als,Moving Right Along - Finally [2024-04-17 021730],Backup,2024-04-16T02:07:43,2024-04-16T02:07:43,284028,False
/Users/machd/Downloads/Ketastrophy Project/Backup/Ketastrophy [2024-04-17 004537].als,Ketastrophy [2024-04-17 004537],Backup,2024-04-17T00:02:34,2024-04-17T00:02:34,1521957,False
/Users/machd/Downloads/Ketastrophy Project/Backup/Ketastrophy [2024-04-17 123937].als,Ketastrophy [2024-04-17 123937],Backup,2024-04-17T12:33:53,2024-04-17T12:33:53,1533061,False
/Users/machd/Downloads/Ketastrophy Project/Backup/Ketastrophy [2024-04-16 024422].als,Ketastrophy [2024-04-16 024422],Backup,2024-04-16T00:06:26,2024-04-16T00:06:26,1506017,False
/Users/machd/Downloads/Ketastrophy Project/Backup/Ketastrophy [2024-04-17 123351].als,Ketastrophy [2024-04-17 123351],Backup,2024-04-17T02:23:27,2024-04-17T02:23:27,1531610,False
/Users/machd/Downloads/FEATHER ON THE FLY WHEEL/FEATHER FLY WHEEL Project/FEATHER FLY WHEEL.als,FEATHER FLY WHEEL,FEATHER FLY WHEEL Project,2025-06-19T23:43:13,2025-06-19T23:43:13,268939,False
/Users/machd/Downloads/FEATHER ON THE FLY WHEEL/FEATHER FLY WHEEL Project/Backup/FEATHER FLY WHEEL [2025-06-14 235042].als,FEATHER FLY WHEEL [2025-06-14 235042],Backup,2025-06-14T23:49:44,2025-06-14T23:49:44,231075,False
/Users/machd/Downloads/FEATHER ON THE FLY WHEEL/FEATHER FLY WHEEL Project/Backup/FEATHER FLY WHEEL [2025-06-15 002243].als,FEATHER FLY WHEEL [2025-06-15 002243],Backup,2025-06-14T23:50:58,2025-06-14T23:50:58,230776,False
/Users/machd/Downloads/FEATHER ON THE FLY WHEEL/FEATHER FLY WHEEL Project/Backup/FEATHER FLY WHEEL [2025-06-15 020220].als,FEATHER FLY WHEEL [2025-06-15 020220],Backup,2025-06-15T00:22:45,2025-06-15T00:22:45,236733,False
/Users/machd/Downloads/FEATHER ON THE FLY WHEEL/FEATHER FLY WHEEL Project/Backup/FEATHER FLY WHEEL [2025-06-14 235055].als,FEATHER FLY WHEEL [2025-06-14 235055],Backup,2025-06-14T23:50:43,2025-06-14T23:50:43,230685,False
/Users/machd/Downloads/FEATHER ON THE FLY WHEEL/FEATHER FLY WHEEL Project/Backup/FEATHER FLY WHEEL [2025-06-19 234313].als,FEATHER FLY WHEEL [2025-06-19 234313],Backup,2025-06-19T23:42:04,2025-06-19T23:42:04,268950,False
/Users/machd/Downloads/FEATHER ON THE FLY WHEEL/FEATHER FLY WHEEL Project/Backup/FEATHER FLY WHEEL [2025-06-17 154251].als,FEATHER FLY WHEEL [2025-06-17 154251],Backup,2025-06-15T02:02:21,2025-06-15T02:02:21,253641,False
/Users/machd/Downloads/FEATHER ON THE FLY WHEEL/FEATHER FLY WHEEL Project/Backup/FEATHER FLY WHEEL [2025-06-19 234203].als,FEATHER FLY WHEEL [2025-06-19 234203],Backup,2025-06-17T15:42:51,2025-06-17T15:42:51,260274,False
/Users/machd/Downloads/BRAZIL 2 Project/BRAZIL 2.als,BRAZIL 2,BRAZIL 2 Project,2022-10-29T21:29:44,2022-10-29T21:29:44,150840,False
/Users/machd/Downloads/BRAZIL 2 Project/Backup/BRAZIL 2 [2022-10-29 191406].als,BRAZIL 2 [2022-10-29 191406],Backup,2022-10-27T01:32:10,2022-10-27T01:32:10,149025,False
/Users/machd/Downloads/BRAZIL 2 Project/Backup/BRAZIL 2 [2022-10-27 013210].als,BRAZIL 2 [2022-10-27 013210],Backup,2022-10-27T01:31:58,2022-10-27T01:31:58,149057,False
/Users/machd/Downloads/BRAZIL 2 Project/Backup/BRAZIL 2 [2022-10-29 192430].als,BRAZIL 2 [2022-10-29 192430],Backup,2022-10-29T19:24:08,2022-10-29T19:24:08,150877,False
/Users/machd/Downloads/BRAZIL 2 Project/Backup/BRAZIL 2 [2022-10-29 192409].als,BRAZIL 2 [2022-10-29 192409],Backup,2022-10-29T19:24:02,2022-10-29T19:24:02,150856,False
/Users/machd/Downloads/BRAZIL 2 Project/Backup/BRAZIL 2 [2022-10-29 192403].als,BRAZIL 2 [2022-10-29 192403],Backup,2022-10-29T19:14:06,2022-10-29T19:14:06,149035,False
/Users/machd/Downloads/idea jam sergik 1 Project/idea jam sergik 1.als,idea jam sergik 1,idea jam sergik 1 Project,2024-07-30T17:27:24,2024-07-30T17:27:24,1773688,True
/Users/machd/Downloads/idea jam sergik 1 Project/Backup/idea jam sergik 1 [2024-07-30 172722].als,idea jam sergik 1 [2024-07-30 172722],Backup,2024-07-30T17:27:18,2024-07-30T17:27:18,1773236,True
/Users/machd/Downloads/rack jam with midi Project/rack jam with midi.als,rack jam with midi,rack jam with midi Project,2025-04-24T18:37:08,2025-04-24T18:37:08,5006425,False
/Users/machd/Downloads/rack jam with midi Project/Backup/rack jam with midi [2025-04-24 183707].als,rack jam with midi [2025-04-24 183707],Backup,2025-04-24T18:37:04,2025-04-24T18:37:04,5010695,False
/Users/machd/Downloads/unf/unforgivable Project/Unforgiveable.als,Unforgiveable,unforgivable Project,2025-10-08T21:00:01.457340,2025-10-08T21:00:01.649124,248300,False
/Users/machd/Downloads/unf/unforgivable Project/unforgivable.als,unforgivable,unforgivable Project,2025-10-03T01:12:24.216899,2025-10-03T01:12:24.876135,1266220,False
/Users/machd/Downloads/unf/unforgivable Project/Backup/unforgivable [2025-10-03 011145].als,unforgivable [2025-10-03 011145],Backup,2025-10-02T22:36:30,2025-10-02T22:36:30,231701,False
/Users/machd/Downloads/unf/unforgivable Project/Backup/unforgivable [2025-10-03 011224].als,unforgivable [2025-10-03 011224],Backup,2025-10-03T01:11:45.815576,2025-10-03T01:11:46.498666,1266214,False
/Users/machd/Downloads/unf/unforgivable Project/Backup/unforgivable [2025-10-02 223630].als,unforgivable [2025-10-02 223630],Backup,2025-10-02T22:36:06,2025-10-02T22:36:06,232782,False
/Users/machd/Downloads/freshman  Project/freshman .als,freshman ,freshman  Project,2025-07-01T18:14:43,2025-07-01T18:14:43,140106,False
/Users/machd/Downloads/freshman  Project/Backup/freshman  [2025-07-01 181442].als,freshman  [2025-07-01 181442],Backup,2025-07-01T18:14:35,2025-07-01T18:14:35,140615,False
/Users/machd/Downloads/freshman  Project-2/freshman .als,freshman ,freshman  Project-2,2025-07-01T19:00:44,2025-07-01T19:00:44,140103,False
/Users/machd/Downloads/freshman  Project-2/Backup/freshman  [2025-07-01 190045].als,freshman  [2025-07-01 190045],Backup,2025-07-01T18:14:42,2025-07-01T18:14:42,140106,False
/Users/machd/Downloads/freshman  Project-2/Backup/freshman  [2025-07-01 181442].als,freshman  [2025-07-01 181442],Backup,2025-07-01T18:14:34,2025-07-01T18:14:34,140615,False
/Users/machd/Downloads/IQSounds - Minimal Master Bundle (Part 1)/IQSounds - Minimal Tech House One Shots - By EdiP/IQSounds - Minimal-Tech House One Shots - Project by EdiP/IQSounds - Minimal Tech House One Shots - Full Groove project.als,IQSounds - Minimal Tech House One Shots - Full Groove project,IQSounds - Minimal-Tech House One Shots - Project by EdiP,2021-04-16T15:08:20,2021-04-16T15:08:20,403558,False
/Users/machd/Downloads/IQSounds - Minimal Master Bundle (Part 1)/IQSounds - Minimal Tech House One Shots - By EdiP/IQSounds - Minimal-Tech House One Shots - Project by EdiP/Backup/IQSounds - Minimal Tech House One Shots - Full Groove project [2021-04-16 150315].als,IQSounds - Minimal Tech House One Shots - Full Groove project [2021-04-16 150315],Backup,2021-04-16T15:03:12,2021-04-16T15:03:12,403542,False
/Users/machd/Downloads/IQSounds - Minimal Master Bundle (Part 1)/IQSounds - Minimal Tech House One Shots - By EdiP/IQSounds - Minimal-Tech House One Shots - Project by EdiP/Backup/IQSounds - Minimal Tech House One Shots - Full Groove project [2021-03-22 201305].als,IQSounds - Minimal Tech House One Shots - Full Groove project [2021-03-22 201305],Backup,2021-03-22T20:12:48,2021-03-22T20:12:48,403408,False
/Users/machd/Downloads/IQSounds - Minimal Master Bundle (Part 1)/IQSounds - Minimal Tech House One Shots - By EdiP/IQSounds - Minimal-Tech House One Shots - Project by EdiP/Backup/IQSounds - Minimal Tech House One Shots - Full Groove project [2021-03-22 140627].als,IQSounds - Minimal Tech House One Shots - Full Groove project [2021-03-22 140627],Backup,2021-03-22T13:45:02,2021-03-22T13:45:02,381981,False
/Users/machd/Downloads/IQSounds - Minimal Master Bundle (Part 1)/IQSounds - Minimal Tech House One Shots - By EdiP/IQSounds - Minimal-Tech House One Shots - Project by EdiP/Backup/IQSounds - Minimal Tech House One Shots - Full Groove project [2021-03-22 144957].als,IQSounds - Minimal Tech House One Shots - Full Groove project [2021-03-22 144957],Backup,2021-03-22T14:49:48,2021-03-22T14:49:48,393878,False
/Users/machd/Downloads/IQSounds - Minimal Master Bundle (Part 1)/IQSounds - Minimal Tech House One Shots - By EdiP/IQSounds - Minimal-Tech House One Shots - Project by EdiP/Backup/IQSounds - Minimal Tech House One Shots - Full Groove project [2021-04-16 150312].als,IQSounds - Minimal Tech House One Shots - Full Groove project [2021-04-16 150312],Backup,2021-03-22T20:13:06,2021-03-22T20:13:06,403471,False
/Users/machd/Downloads/IQSounds - Minimal Master Bundle (Part 1)/IQSounds - Minimal Tech House One Shots - By EdiP/IQSounds - Minimal-Tech House One Shots - Project by EdiP/Backup/IQSounds - Minimal Tech House One Shots - Full Groove project [2021-03-22 140637].als,IQSounds - Minimal Tech House One Shots - Full Groove project [2021-03-22 140637],Backup,2021-03-22T14:06:28,2021-03-22T14:06:28,391469,False
/Users/machd/Downloads/IQSounds - Minimal Master Bundle (Part 1)/IQSounds - Minimal Tech House One Shots - By EdiP/IQSounds - Minimal-Tech House One Shots - Project by EdiP/Backup/IQSounds - Minimal Tech House One Shots - Full Groove project [2021-03-22 144948].als,IQSounds - Minimal Tech House One Shots - Full Groove project [2021-03-22 144948],Backup,2021-03-22T14:06:36,2021-03-22T14:06:36,391590,False
/Users/machd/Downloads/IQSounds - Minimal Master Bundle (Part 1)/IQSounds - Minimal Tech House One Shots - By EdiP/IQSounds - Minimal-Tech House One Shots - Project by EdiP/Backup/IQSounds - Minimal Tech House One Shots - Full Groove project [2021-03-22 134502].als,IQSounds - Minimal Tech House One Shots - Full Groove project [2021-03-22 134502],Backup,2021-03-22T13:43:00,2021-03-22T13:43:00,381801,False
/Users/machd/Downloads/IQSounds - Minimal Master Bundle (Part 1)/IQSounds - Minimal Tech House One Shots - By EdiP/IQSounds - Minimal-Tech House One Shots - Project by EdiP/Backup/IQSounds - Minimal Tech House One Shots - Full Groove project [2021-03-22 201248].als,IQSounds - Minimal Tech House One Shots - Full Groove project [2021-03-22 201248],Backup,2021-03-22T14:49:56,2021-03-22T14:49:56,394075,False
/Users/machd/Downloads/IQSounds - Minimal Master Bundle (Part 1)/IQSounds - Minimal Tech House One Shots - By EdiP/IQSounds - Minimal-Tech House One Shots - Project by EdiP/Backup/IQSounds - Minimal Tech House One Shots - Full Groove project [2021-04-16 150819].als,IQSounds - Minimal Tech House One Shots - Full Groove project [2021-04-16 150819],Backup,2021-04-16T15:03:14,2021-04-16T15:03:14,403584,False
/Users/machd/Downloads/IQSounds - Minimal Master Bundle (Part 1)/IQSounds - Dance Like That Project/IQSounds - Dance Like That.als,IQSounds - Dance Like That,IQSounds - Dance Like That Project,2021-05-11T19:14:58,2021-05-11T19:14:58,788331,False
/Users/machd/Downloads/IQSounds - Minimal Master Bundle (Part 1)/IQSounds - Dance Like That Project/Backup/IQSounds - Dance Like That [2021-05-11 191456].als,IQSounds - Dance Like That [2021-05-11 191456],Backup,2021-05-11T19:14:50,2021-05-11T19:14:50,790372,False
/Users/machd/Downloads/IQSounds - Minimal Master Bundle (Part 1)/IQSounds - Dirty Fish/IQSounds - It Feels Great (Ableton Template)/IQSounds - It Feels Great (Tech House) Project/IQSounds - It Feels Great (Tech House).als,IQSounds - It Feels Great (Tech House),IQSounds - It Feels Great (Tech House) Project,2021-08-21T20:47:38,2021-08-21T20:47:38,299786,False
/Users/machd/Downloads/IQSounds - Minimal Master Bundle (Part 1)/IQSounds - Dirty Fish/IQSounds - It Feels Great (Ableton Template)/IQSounds - It Feels Great (Tech House) Project/Backup/IQSounds - It Feels Great (Tech House) [2021-08-20 153445].als,IQSounds - It Feels Great (Tech House) [2021-08-20 153445],Backup,2021-08-20T15:34:40,2021-08-20T15:34:40,310157,False
/Users/machd/Downloads/IQSounds - Minimal Master Bundle (Part 1)/IQSounds - Dirty Fish/IQSounds - It Feels Great (Ableton Template)/IQSounds - It Feels Great (Tech House) Project/Backup/IQSounds - It Feels Great (Tech House) [2021-08-21 204739].als,IQSounds - It Feels Great (Tech House) [2021-08-21 204739],Backup,2021-08-20T15:34:46,2021-08-20T15:34:46,311254,False
/Users/machd/Downloads/ARZA x SERGIK - The Grind Project/ARZA x SERGIK - The Grind.als,ARZA x SERGIK - The Grind,ARZA x SERGIK - The Grind Project,2025-07-23T03:54:21,2025-07-23T03:54:21,362670,True
/Users/machd/Downloads/ARZA x SERGIK - The Grind Project/Backup/ARZA x SERGIK - The Grind [2025-07-23 032533].als,ARZA x SERGIK - The Grind [2025-07-23 032533],Backup,2025-07-23T03:25:25,2025-07-23T03:25:25,355625,True
/Users/machd/Downloads/ARZA x SERGIK - The Grind Project/Backup/ARZA x SERGIK - The Grind [2025-07-23 033304].als,ARZA x SERGIK - The Grind [2025-07-23 033304],Backup,2025-07-23T03:25:36,2025-07-23T03:25:36,355569,True
/Users/machd/Downloads/ARZA x SERGIK - The Grind Project/Backup/ARZA x SERGIK - The Grind [2025-07-23 035417].als,ARZA x SERGIK - The Grind [2025-07-23 035417],Backup,2025-07-23T03:47:27,2025-07-23T03:47:27,363233,True
/Users/machd/Downloads/ARZA x SERGIK - The Grind Project/Backup/ARZA x SERGIK - The Grind [2025-07-23 034723].als,ARZA x SERGIK - The Grind [2025-07-23 034723],Backup,2025-07-23T03:33:25,2025-07-23T03:33:25,359575,True
/Users/machd/Downloads/ARZA x SERGIK - The Grind Project/Backup/ARZA x SERGIK - The Grind [2025-07-23 033320].als,ARZA x SERGIK - The Grind [2025-07-23 033320],Backup,2025-07-23T03:33:11,2025-07-23T03:33:11,359568,True
